tradeDate,Open,Low,High,Close,Volume,Daily Change (%),Percent Change
2020-01-02,114.4,114.2,115.0,115.0,4402.8,0.5244755244755195,
2020-01-03,115.0,114.3,115.3,115.3,2489.4,0.26086956521738885,0.2608695652173809
2020-01-06,115.0,114.4,115.0,114.5,3019.1,-0.43478260869565216,-0.6938421509106618
2020-01-07,114.5,114.3,115.0,114.7,1839.1,0.17467248908297192,0.17467248908296096
2020-01-08,114.5,113.6,114.7,114.3,4689.1,-0.17467248908297192,-0.34873583260680574
2020-01-09,114.3,114.2,115.1,114.7,2738.7,0.34995625546807146,0.34995625546807574
2020-01-10,115.0,114.7,115.0,114.8,1591.2,-0.17391304347826333,0.08718395815170421
2020-01-13,114.7,114.5,115.1,114.9,1466.8,0.17436791630340265,0.08710801393729817
2020-01-14,115.1,114.3,115.1,115.0,1011.5,-0.08688097306689341,0.08703220191470518
2020-01-15,115.0,114.3,115.0,115.0,2056.0,0.0,0.0
2020-01-16,115.0,114.3,115.0,115.0,1867.4,0.0,0.0
2020-01-17,115.0,114.4,115.1,114.9,1691.0,-0.08695652173912549,-0.08695652173912327
2020-01-20,114.9,114.3,114.9,114.9,3706.7,0.0,0.0
2020-01-21,114.3,114.3,115.0,114.9,1815.1,0.5249343832021072,0.0
2020-01-22,114.9,114.2,114.9,114.9,3717.8,0.0,0.0
2020-01-23,114.9,114.9,114.9,114.9,371.78,0.0,0.0
2020-01-24,114.9,114.9,114.9,114.9,371.78,0.0,0.0
2020-01-27,114.9,114.9,114.9,114.9,371.78,0.0,0.0
2020-01-28,114.9,114.9,114.9,114.9,371.78,0.0,0.0
2020-01-29,114.9,114.9,114.9,114.9,371.78,0.0,0.0
2020-01-30,114.1,112.5,114.9,114.9,6827.2,0.70113935144611,0.0
2020-02-03,113.8,112.3,114.8,114.8,7604.2,0.8787346221441126,-0.08703220191471628
2020-02-05,114.8,113.0,114.8,114.5,4684.2,-0.26132404181184427,-0.261324041811839
2020-02-06,114.5,112.8,114.7,114.4,6762.9,-0.08733624454147976,-0.08733624454148048
2020-02-10,113.0,113.0,114.1,113.7,1927.0,0.6194690265486751,-0.6118881118881148
2020-02-11,113.5,113.0,114.2,113.4,2906.3,-0.08810572687224169,-0.26385224274405594
2020-02-12,113.0,112.0,113.4,112.0,4527.9,-0.8849557522123894,-1.2345679012345734
2020-02-13,111.5,111.4,112.7,112.4,2853.4,0.8071748878923818,0.3571428571428559
2020-02-14,112.3,109.8,112.6,110.0,2523.9,-2.0480854853072104,-2.135231316725983
2020-02-17,110.0,105.0,110.0,108.0,7422.2,-1.8181818181818181,-1.8181818181818188
2020-02-18,107.0,104.0,107.0,104.5,7918.7,-2.336448598130841,-3.240740740740744
2020-02-20,105.0,105.0,110.0,110.0,3535.7,4.761904761904762,5.263157894736836
2020-02-21,108.6,107.8,110.0,109.9,3090.6,1.1970534069981689,-0.09090909090908594
2020-02-25,106.7,106.0,107.3,107.0,5438.2,0.28116213683223723,-2.638762511373982
2020-02-26,104.0,104.0,106.6,105.9,6254.1,1.8269230769230822,-1.0280373831775602
2020-02-27,105.2,104.6,105.9,105.6,740.42,0.38022813688212115,-0.2832861189801861
2020-03-02,104.0,102.7,105.4,105.4,7421.3,1.3461538461538516,-0.18939393939393367
2020-03-03,105.1,104.5,105.6,105.5,5579.5,0.3805899143672747,0.0948766603415585
2020-03-04,104.6,103.5,105.5,105.5,4438.1,0.8604206500956079,0.0
2020-03-05,105.1,103.8,105.9,105.6,3523.0,0.47573739295908657,0.09478672985780978
2020-03-06,105.0,103.1,105.0,105.0,7508.3,0.0,-0.5681818181818121
2020-03-10,93.0,91.2,99.2,97.7,8254.9,5.053763440860218,-6.952380952380954
2020-03-17,89.5,87.6,92.3,88.5,6813.3,-1.1173184357541899,-9.41658137154555
2020-03-23,78.0,76.8,78.3,76.8,6781.6,-1.538461538461542,-13.22033898305085
2020-04-01,82.5,81.0,87.0,86.0,4378.2,4.242424242424243,11.979166666666675
2020-04-02,86.0,86.0,86.0,86.0,437.82,0.0,0.0
2020-04-08,94.4,94.0,97.0,94.0,7601.2,-0.423728813559328,9.302325581395344
2020-04-14,96.5,94.5,96.5,95.6,6316.3,-0.9326424870466379,1.7021276595744705
2020-04-23,93.0,92.7,94.9,93.0,3474.2,0.0,-2.7196652719665204
2020-04-24,93.0,92.4,93.9,93.0,3002.4,0.0,0.0
2020-04-27,96.4,92.0,96.4,92.0,4537.2,-4.5643153526971005,-1.0752688172043001
2020-04-29,92.4,90.5,93.4,91.9,3144.0,-0.5411255411255411,-0.10869565217390686
2020-04-30,91.9,91.9,91.9,91.9,314.4,0.0,0.0
2020-05-01,91.9,91.9,91.9,91.9,314.4,0.0,0.0
2020-05-04,91.9,90.0,92.5,91.8,2595.5,-0.10881392818281665,-0.10881392818281599
2020-05-05,91.8,91.8,93.0,92.7,2747.0,0.9803921568627514,0.9803921568627416
2020-05-06,92.6,92.5,95.0,95.0,7735.7,2.5917926565874794,2.481121898597616
2020-05-07,95.0,94.0,96.0,96.0,6178.0,1.0526315789473684,1.0526315789473717
2020-05-12,97.4,95.0,97.4,97.0,7700.3,-0.410677618069821,1.041666666666674
2020-05-15,96.0,95.9,97.5,97.0,3276.5,1.0416666666666665,0.0
2020-05-19,97.1,96.0,97.4,96.5,7298.5,-0.6179196704428366,-0.5154639175257714
2020-05-20,96.4,96.1,97.0,96.6,2547.3,0.207468879668038,0.10362694300518616
2020-05-21,97.0,96.9,98.0,98.0,6743.8,1.0309278350515463,1.449275362318847
2020-05-22,98.0,96.4,98.0,96.4,2929.3,-1.632653061224484,-1.6326530612244872
2020-05-25,96.2,96.0,97.5,97.1,2164.0,0.9355509355509266,0.7261410788381717
2020-05-26,97.0,96.4,97.5,96.9,3600.0,-0.10309278350514879,-0.2059732234809375
2020-05-27,96.9,96.5,97.9,96.9,5914.4,0.0,0.0
2020-05-28,96.9,96.3,97.5,97.0,3147.9,0.10319917440659888,0.10319917440659854
2020-05-29,97.0,96.6,97.5,97.0,4935.0,0.0,0.0
2020-06-01,97.0,96.5,97.2,97.2,4814.9,0.20618556701031218,0.20618556701030855
2020-06-02,97.4,96.5,97.4,96.7,5017.0,-0.7186858316221795,-0.5144032921810648
2020-06-03,96.5,95.5,96.8,96.8,4664.3,0.3108808290155411,0.10341261633919352
2020-06-04,96.8,96.0,96.8,96.0,5507.4,-0.8264462809917326,-0.8264462809917328
2020-06-08,95.2,95.2,97.6,96.0,4821.8,0.8403361344537785,0.0
2020-06-09,97.0,96.0,97.0,96.0,3184.0,-1.0309278350515463,0.0
2020-06-10,96.2,95.4,96.2,95.6,4884.9,-0.6237006237006326,-0.4166666666666763
2020-06-15,92.8,89.0,92.8,89.0,7917.1,-4.094827586206893,-6.903765690376562
2020-06-16,91.5,89.9,94.8,93.4,6584.8,2.0765027322404435,4.943820224719109
2020-06-17,93.0,90.5,93.4,91.9,3808.8,-1.182795698924725,-1.6059957173447548
2020-06-18,91.9,90.9,92.5,91.0,3128.5,-0.9793253536452727,-0.9793253536452773
2020-06-22,97.0,95.2,97.0,96.9,5080.2,-0.10309278350514879,6.483516483516483
2020-06-23,96.2,94.2,96.3,94.2,4326.3,-2.0790020790020787,-2.786377708978327
2020-06-24,94.5,94.0,95.1,94.7,2143.2,0.21164021164021465,0.5307855626327074
2020-06-26,93.5,91.5,94.4,91.5,2222.4,-2.13903743315508,-3.379091869060191
2020-06-29,91.5,89.0,91.9,89.0,3593.7,-2.73224043715847,-2.732240437158473
2020-07-01,90.5,89.0,91.5,91.0,920.6,0.5524861878453038,2.2471910112359605
2020-07-02,90.6,89.5,91.0,89.9,4207.0,-0.7726269315673164,-1.2087912087912045
2020-07-06,90.3,90.2,91.9,91.4,2840.2,1.2181616832779718,1.6685205784204626
2020-07-07,91.5,91.0,92.1,91.0,3368.6,-0.546448087431694,-0.4376367614879695
2020-07-08,90.8,90.1,91.5,90.8,1874.5,0.0,-0.219780219780219
2020-07-09,90.8,90.7,91.8,91.0,3997.1,0.2202643171806199,0.22026431718062955
2020-07-13,91.5,91.0,91.6,91.3,3498.1,-0.21857923497268072,0.3296703296703285
2020-07-14,91.3,90.2,91.8,91.3,3409.9,0.0,0.0
2020-07-15,91.7,90.5,91.7,90.5,3842.4,-1.3086150490730675,-0.8762322015334001
2020-07-16,90.9,90.6,93.0,93.0,3280.5,2.310231023102304,2.7624309392265234
2020-07-17,91.5,91.0,92.0,91.5,2145.3,0.0,-1.6129032258064502
2020-07-20,91.0,90.2,91.4,90.2,2224.0,-0.879120879120876,-1.4207650273224015
2020-07-21,91.2,90.2,91.2,90.2,2206.6,-1.0964912280701753,0.0
2020-07-22,90.0,89.8,91.0,89.8,2021.1,-0.22222222222222537,-0.44345898004435336
2020-07-23,90.0,89.5,90.3,90.0,1816.8,0.0,0.22271714922048602
2020-07-24,89.9,85.1,90.0,88.0,6744.3,-2.113459399332598,-2.2222222222222254
2020-07-27,83.9,82.9,86.0,85.0,8250.8,1.3110846245530323,-3.409090909090906
2020-07-28,85.0,80.0,87.0,85.2,5343.0,0.23529411764706218,0.23529411764706687
2020-07-29,84.0,83.0,85.0,83.5,3793.7,-0.5952380952380952,-1.9953051643192499
2020-07-30,83.5,83.5,85.5,85.1,2420.3,1.9161676646706518,1.9161676646706427
2020-08-03,87.0,85.0,88.1,87.6,1643.1,0.6896551724137866,2.9377203290246845
2020-08-04,88.7,87.4,88.7,88.0,2292.3,-0.789177001127399,0.4566210045662267
2020-08-05,88.0,84.8,88.5,87.0,4344.9,-1.1363636363636365,-1.1363636363636354
2020-08-06,88.0,87.1,88.2,87.5,3323.4,-0.5681818181818182,0.5747126436781658
2020-08-07,87.6,87.3,88.2,87.5,1825.0,-0.11415525114154602,0.0
2020-08-10,88.0,87.4,89.9,88.2,5425.5,0.2272727272727305,0.8000000000000007
2020-08-11,89.2,87.5,89.2,87.5,2153.3,-1.9058295964125591,-0.7936507936508019
2020-08-12,87.5,87.4,88.5,87.4,3023.3,-0.11428571428570779,-0.11428571428571122
2020-08-13,88.0,87.5,89.0,88.0,4586.8,0.0,0.686498855835227
2020-08-14,88.0,87.4,89.0,87.4,6540.7,-0.6818181818181753,-0.6818181818181723
2020-08-17,87.0,86.8,88.5,87.7,3762.0,0.8045977011494285,0.3432494279176135
2020-08-18,87.3,86.2,87.7,86.5,7726.7,-0.9163802978235935,-1.368301026225771
2020-08-19,86.5,86.5,87.6,86.5,3471.4,0.0,0.0
2020-08-21,86.0,85.9,86.9,86.1,3767.9,0.11627906976743524,-0.46242774566475076
2020-08-26,90.8,90.0,91.2,91.0,5472.8,0.2202643171806199,5.691056910569103
2020-08-27,90.1,90.1,91.0,91.0,4379.5,0.9988901220865768,0.0
2020-08-28,91.3,89.9,92.3,89.9,6360.2,-1.5334063526834518,-1.2087912087912045
2020-08-31,90.0,90.0,91.5,90.0,2765.8,0.0,0.11123470522802492
2020-09-01,90.2,89.9,94.0,92.7,6753.1,2.7716186252771617,3.0000000000000027
2020-09-04,94.5,93.4,95.5,94.0,8259.6,-0.5291005291005291,1.4023732470334282
2020-09-07,94.0,91.5,95.3,91.5,4654.0,-2.6595744680851063,-2.659574468085102
2020-09-08,91.6,90.5,92.5,90.5,6222.9,-1.2008733624454089,-1.0928961748633892
2020-09-10,91.0,90.5,92.5,90.5,4211.6,-0.5494505494505495,0.0
2020-09-11,90.0,89.9,92.3,91.1,4113.5,1.2222222222222159,0.6629834254143541
2020-09-14,91.3,91.2,93.6,93.1,6089.3,1.9715224534501612,2.1953896816685026
2020-09-21,94.0,94.0,96.0,96.0,5718.6,2.127659574468085,3.1149301825993625
2020-09-22,96.0,94.6,96.2,94.6,5052.3,-1.4583333333333393,-1.4583333333333393
2020-09-23,95.0,94.5,95.7,94.5,1118.3,-0.5263157894736842,-0.10570824524311906
2020-09-24,93.8,93.0,95.5,93.0,3889.4,-0.8528784648187604,-1.5873015873015928
2020-09-25,94.5,92.8,94.8,92.8,4122.1,-1.798941798941802,-0.21505376344086446
2020-09-28,93.6,92.8,94.1,92.8,2028.4,-0.8547008547008517,0.0
2020-09-29,94.0,91.5,94.0,91.5,3944.9,-2.6595744680851063,-1.4008620689655138
2020-09-30,91.5,91.5,93.4,91.5,4173.6,0.0,0.0
2020-10-01,92.7,91.9,93.4,92.5,6753.1,-0.21574973031284017,1.0928961748633892
2020-10-02,92.5,92.3,94.0,94.0,4007.7,1.6216216216216217,1.6216216216216273
2020-10-05,94.0,92.0,94.0,93.3,904.5,-0.7446808510638327,-0.7446808510638281
2020-10-06,93.3,91.8,93.3,91.8,5211.9,-1.607717041800643,-1.6077170418006381
2020-10-07,91.5,91.0,93.5,92.5,3815.2,1.092896174863388,0.7625272331154731
2020-10-08,92.0,91.5,92.9,92.3,2169.9,0.326086956521736,-0.216216216216214
2020-10-09,92.3,92.3,93.7,93.6,3095.8,1.4084507042253491,1.4084507042253502
2020-10-12,93.6,92.5,94.0,93.9,3262.9,0.3205128205128327,0.3205128205128416
2020-10-13,93.9,93.4,94.1,94.1,2719.9,0.21299254526090375,0.21299254526090383
2020-10-14,94.1,94.0,95.0,95.0,3892.6,0.9564293304994748,0.9564293304994642
2020-10-16,98.1,96.9,98.1,97.6,5965.9,-0.509683995922528,2.7368421052631486
2020-10-19,97.5,97.5,97.9,97.7,3705.9,0.20512820512820804,0.10245901639345245
2020-10-20,97.4,95.8,97.9,97.8,5112.5,0.41067761806980646,0.10235414534287557
2020-10-21,97.8,96.7,97.9,97.3,1720.1,-0.5112474437627812,-0.5112474437627856
2020-10-22,97.0,96.8,100.1,100.1,6216.1,3.195876288659788,2.877697841726623
2020-10-27,106.0,104.0,107.1,105.7,8040.2,-0.28301886792452563,5.594405594405605
2020-11-03,107.0,104.4,107.0,104.4,7510.7,-2.4299065420560697,-1.2298959318826852
2020-11-04,104.3,103.0,104.4,103.5,4953.4,-0.7670182166826435,-0.8620689655172487
2020-11-05,104.2,104.0,106.9,104.5,7898.6,0.2879078694817631,0.9661835748792313
2020-11-10,106.7,105.6,107.0,105.6,7819.8,-1.0309278350515543,1.0526315789473717
2020-11-12,105.8,105.0,106.8,106.8,6826.6,0.945179584120983,1.1363636363636465
2020-11-13,106.8,106.1,108.0,107.4,5353.5,0.5617977528089967,0.5617977528090012
2020-11-18,105.9,103.0,105.9,104.9,7512.7,-0.9442870632672332,-2.327746741154557
2020-11-20,104.5,103.4,104.5,103.8,5338.4,-0.6698564593301463,-1.048617731172552
2020-11-23,104.0,103.1,105.1,103.8,7356.5,-0.19230769230769504,0.0
2020-11-24,103.9,103.1,104.9,104.0,8122.2,0.096246390760341,0.19267822736031004
2020-11-26,105.0,104.5,106.2,106.1,5454.5,1.0476190476190421,2.019230769230762
2020-11-27,106.0,104.8,106.1,105.2,7208.3,-0.7547169811320728,-0.8482563619227057
2020-12-02,104.9,104.2,105.5,105.0,4979.1,0.09532888465204414,-0.19011406844107182
2020-12-03,105.0,104.3,105.8,105.8,7317.5,0.7619047619047592,0.7619047619047636
2020-12-04,105.8,104.5,106.5,105.8,7970.6,0.0,0.0
2020-12-07,105.8,105.1,106.0,105.8,6786.6,0.0,0.0
2020-12-08,105.8,104.8,105.8,105.0,7472.8,-0.7561436672967837,-0.7561436672967825
2020-12-09,105.0,104.4,106.0,106.0,7897.9,0.9523809523809524,0.952380952380949
2020-12-11,104.9,104.9,106.8,106.8,5693.6,1.8112488083889335,0.7547169811320753
2020-12-16,106.8,105.9,107.1,107.0,7562.0,0.18726591760299893,0.18726591760300781
2020-12-21,104.7,104.7,106.4,106.4,5871.0,1.6236867239732597,-0.5607476635513975
2020-12-22,106.0,105.3,107.0,105.7,5183.2,-0.28301886792452563,-0.6578947368421129
2020-12-23,105.7,105.5,107.0,105.7,7014.3,0.0,0.0
2020-12-25,105.7,105.0,106.4,105.9,3703.0,0.1892147587511853,0.18921475875117721
2020-12-28,105.9,105.4,106.6,105.9,7117.1,0.0,0.0
2020-12-29,106.2,105.8,106.6,106.5,6123.6,0.282485875706212,0.5665722379603277
2020-12-31,108.5,105.5,109.3,108.2,6560.4,-0.276497695852532,1.5962441314554043
2021-01-04,108.2,106.5,109.0,108.0,991.1,-0.18484288354898598,-0.1848428835489857
2021-01-05,107.2,107.2,109.9,109.7,1192.2,2.3320895522388057,1.5740740740740833
2021-01-06,110.0,108.9,110.5,110.2,1283.0,0.1818181818181844,0.45578851412944044
2021-01-07,110.4,109.2,111.0,110.1,862.3,-0.27173913043479286,-0.09074410163339985
2021-01-08,110.1,110.1,112.6,111.8,1348.7,1.5440508628519554,1.5440508628519645
2021-01-11,112.9,112.8,114.6,113.8,1536.7,0.7971656333038011,1.7889087656529412
2021-01-12,116.0,113.8,116.0,114.4,981.1,-1.3793103448275814,0.5272407732864748
2021-01-13,114.4,111.1,114.5,111.1,1237.9,-2.8846153846153944,-2.8846153846153966
2021-01-14,111.5,110.0,112.2,110.4,1439.1,-0.9865470852017886,-0.6300630063006185
2021-01-15,110.7,109.8,111.9,111.2,1238.0,0.45167118337850043,0.7246376811594235
2021-01-18,112.0,110.1,112.0,110.3,826.9,-1.5178571428571455,-0.8093525179856176
2021-01-19,110.3,102.6,110.3,102.7,1367.6,-6.890299184043512,-6.8902991840435135
2021-01-20,103.0,102.5,105.0,103.3,1875.5,0.2912621359223273,0.5842259006815897
2021-01-21,105.0,103.0,105.2,105.1,1564.6,0.09523809523808983,1.742497579864466
2021-01-22,105.4,105.0,106.4,105.0,1094.2,-0.3795066413662293,-0.09514747859181716
2021-01-25,105.0,104.1,105.8,104.8,827.3,-0.19047619047619319,-0.19047619047619646
2021-01-26,104.8,100.0,104.8,101.5,1028.6,-3.1488549618320585,-3.1488549618320594
2021-01-27,101.5,99.5,102.8,100.0,1488.9,-1.477832512315271,-1.4778325123152691
2021-01-28,94.3,93.0,96.0,93.0,1742.9,-1.3785790031813332,-6.999999999999995
2021-01-29,92.5,92.5,99.5,99.4,1692.8,7.459459459459465,6.88172043010753
2021-02-01,99.4,98.8,103.0,99.0,1340.0,-0.40241448692153486,-0.4024144869215318
2021-02-02,99.3,99.0,105.9,105.9,1771.2,6.646525679758317,6.969696969696981
2021-02-03,105.1,105.1,108.0,107.5,1698.9,2.283539486203621,1.5108593012275628
2021-02-04,107.4,102.0,107.5,105.0,1022.4,-2.234636871508385,-2.3255813953488413
2021-02-05,105.0,105.0,107.5,107.5,922.9,2.380952380952381,2.3809523809523725
2021-02-08,107.5,101.0,107.5,101.0,3422.5,-6.046511627906977,-6.04651162790698
2021-02-09,104.0,101.5,106.5,106.2,1758.0,2.115384615384618,5.148514851485153
2021-02-17,106.3,106.3,108.0,108.0,1253.6,1.5992474129821288,1.6949152542372836
2021-02-18,107.5,106.4,110.0,110.0,1434.4,2.3255813953488373,1.85185185185186
2021-02-19,107.6,107.1,109.5,109.0,1433.2,1.301115241635693,-0.9090909090909038
2021-02-22,109.2,107.0,110.7,109.7,1481.0,0.4578754578754579,0.6422018348623881
2021-02-23,108.3,107.5,111.7,110.0,1393.9,1.5697137580794118,0.27347310847767314
2021-02-24,111.4,106.4,111.4,108.2,950.1,-2.8725314183123904,-1.6363636363636358
2021-02-25,109.5,106.1,109.9,108.9,1013.5,-0.5479452054794468,0.6469500924214389
2021-02-26,106.2,106.2,109.9,109.0,926.8,2.6365348399246678,0.09182736455464191
2021-03-01,109.0,108.0,109.4,108.5,777.7,-0.45871559633027525,-0.4587155963302725
2021-03-02,108.5,106.5,109.0,108.2,926.3,-0.276497695852532,-0.2764976958525289
2021-03-03,106.5,106.5,108.2,106.9,1075.3,0.3755868544600992,-1.2014787430683849
2021-03-04,107.6,106.8,107.8,106.8,1671.0,-0.743494423791819,-0.0935453695042221
2021-03-05,106.9,106.0,107.5,106.3,1294.8,-0.5612722170252652,-0.46816479400748623
2021-03-08,106.5,105.2,106.6,106.0,1390.1,-0.4694835680751174,-0.2822201317027262
2021-03-09,105.0,102.3,106.0,104.3,1587.6,-0.6666666666666694,-1.6037735849056656
2021-03-10,104.5,102.7,106.0,105.8,576.1,1.244019138755978,1.4381591562799612
2021-03-11,106.0,105.6,107.9,105.9,1108.7,-0.09433962264150407,0.0945179584121103
2021-03-12,105.9,105.3,106.5,105.9,1122.3,0.0,0.0
2021-03-15,105.9,105.4,106.2,106.0,2632.1,0.09442870632671795,0.09442870632672129
2021-03-16,106.0,104.9,106.0,105.4,1360.6,-0.5660377358490513,-0.5660377358490565
2021-03-17,105.0,104.0,105.3,104.7,1260.4,-0.28571428571428303,-0.6641366223908984
2021-03-18,105.5,105.2,106.6,106.6,1473.9,1.0426540284360135,1.8147086914995114
2021-03-19,105.6,105.6,108.4,108.4,1625.7,2.6515151515151625,1.6885553470919357
2021-03-22,108.4,104.5,108.4,107.3,973.8,-1.0147601476014838,-1.014760147601479
2021-03-23,106.0,105.2,107.0,106.5,1034.7,0.4716981132075472,-0.745573159366264
2021-03-24,105.5,104.0,108.0,107.9,1104.1,2.274881516587683,1.3145539906103343
2021-03-25,107.2,107.2,112.3,110.4,4322.0,2.9850746268656745,2.3169601482854407
2021-03-26,113.3,111.0,113.3,112.4,2927.8,-0.7943512797881654,1.8115942028985588
2021-03-29,112.5,112.3,113.5,112.8,3140.9,0.26666666666666416,0.3558718861209842
2021-03-30,112.8,112.0,118.6,117.0,5179.6,3.7234042553191515,3.7234042553191626
2021-03-31,117.5,117.0,119.5,117.9,2823.6,0.3404255319148985,0.7692307692307665
2021-04-01,118.5,117.0,124.0,123.0,2230.9,3.79746835443038,4.3256997455470625
2021-04-02,123.9,121.8,123.9,123.0,2255.5,-0.7263922518159852,0.0
2021-04-05,124.1,123.2,126.2,124.3,2249.0,0.1611603545527823,1.0569105691056846
2021-04-06,124.3,124.3,129.5,127.0,1979.4,2.1721641190667764,2.1721641190667773
2021-04-07,127.0,125.9,128.0,127.7,1698.5,0.551181102362207,0.5511811023622082
2021-04-08,128.4,124.0,128.4,125.4,1509.2,-2.336448598130841,-1.8010963194988183
2021-04-09,124.5,123.5,125.4,124.9,1755.5,0.32128514056225355,-0.3987240829346095
2021-04-12,105.9,105.9,132.8,132.0,3481.9,24.64589235127478,5.684547638110482
2021-04-13,139.0,136.0,141.2,140.7,5052.9,1.223021582733805,6.590909090909092
2021-04-14,140.0,138.5,141.8,140.0,4102.6,0.0,-0.4975124378109319
2021-04-15,139.9,139.9,144.8,140.9,3419.0,0.7147962830593281,0.642857142857145
2021-04-16,140.9,140.1,144.0,143.0,2988.0,1.4904187366926858,1.490418736692689
2021-04-19,142.1,141.1,144.2,144.0,2820.3,1.3370865587614398,0.6993006993007089
2021-04-20,144.0,143.0,145.9,143.1,3108.2,-0.6250000000000039,-0.6250000000000089
2021-04-22,107.3,107.3,142.9,138.8,3319.5,29.35694315004661,-3.0048916841369566
2021-04-23,139.0,133.3,139.5,138.3,4410.0,-0.50359712230215,-0.36023054755043304
2021-04-26,139.0,131.0,139.5,131.5,2434.5,-5.39568345323741,-4.9168474331164225
2021-04-27,131.5,131.5,133.0,132.1,1631.7,0.4562737642585508,0.45627376425854127
2021-04-28,132.1,129.8,133.2,131.5,1613.3,-0.45420136260408356,-0.4542013626040786
2021-04-29,131.9,130.7,133.0,131.0,2181.1,-0.6823351023502696,-0.38022813688213253
2021-05-04,130.6,126.9,134.9,133.6,1732.6,2.2970903522205206,1.984732824427482
2021-05-05,133.6,133.6,135.8,133.7,1268.6,0.07485029940119335,0.07485029940119681
2021-05-06,133.7,131.0,134.0,132.5,1064.2,-0.8975317875841352,-0.8975317875841382
2021-05-07,132.0,128.7,132.0,132.0,1769.1,0.0,-0.37735849056603765
2021-05-10,132.0,129.2,132.5,132.5,1099.3,0.3787878787878788,0.37878787878788955
2021-05-11,132.5,130.5,133.4,131.0,1164.2,-1.1320754716981132,-1.132075471698113
2021-05-12,130.0,128.0,131.0,129.8,1390.4,-0.1538461538461451,-0.916030534351131
2021-05-13,128.0,126.5,130.0,126.5,1723.5,-1.171875,-2.5423728813559365
2021-05-14,126.8,123.2,127.0,125.3,2609.8,-1.1829652996845428,-0.9486166007905195
2021-05-17,126.0,124.0,129.8,124.0,2417.9,-1.5873015873015872,-1.0375099760574602
2021-05-18,124.0,121.0,126.0,121.0,2452.7,-2.4193548387096775,-2.4193548387096753
2021-05-19,120.0,118.1,120.6,120.1,2178.4,0.0833333333333286,-0.7438016528925617
2021-05-20,120.1,120.0,123.0,122.9,2084.9,2.3313905079100845,2.3313905079100916
2021-05-21,123.0,120.5,123.0,122.5,1622.4,-0.40650406504065045,-0.32546786004882255
2021-05-24,122.2,121.1,123.5,122.1,1985.8,-0.08183306055647178,-0.3265306122449019
2021-05-25,122.4,121.3,122.4,122.3,1514.9,-0.08169934640523573,0.16380016380017626
2021-05-26,122.0,120.6,122.2,121.7,1677.5,-0.24590163934426,-0.49059689288634134
2021-05-27,120.9,119.0,121.0,120.3,2081.3,-0.49627791563276136,-1.1503697617091246
2021-05-28,120.3,119.0,122.5,119.8,1847.4,-0.41562759767248547,-0.41562759767248547
2021-05-31,117.9,116.2,120.0,117.5,2823.6,-0.3392705682782067,-1.919866444073448
2021-06-01,116.2,116.2,120.2,120.0,2155.4,3.2702237521514603,2.127659574468077
2021-06-02,120.2,117.0,121.3,117.5,3130.6,-2.2462562396006676,-2.083333333333337
2021-06-03,118.0,117.1,118.6,118.5,2488.9,0.423728813559322,0.8510638297872353
2021-06-04,118.5,118.5,121.0,121.0,3689.2,2.109704641350211,2.1097046413502074
2021-06-07,122.8,122.1,126.0,123.0,3681.8,0.16286644951140297,1.6528925619834656
2021-06-08,125.0,119.5,125.7,119.8,2699.6,-4.160000000000003,-2.601626016260161
2021-06-09,120.0,117.0,120.5,118.8,1813.3,-1.0000000000000024,-0.8347245409014992
2021-06-10,118.5,116.5,119.2,116.5,2929.0,-1.6877637130801686,-1.9360269360269355
2021-06-11,117.0,116.4,118.0,118.0,1729.0,0.8547008547008548,1.2875536480686733
2021-06-14,118.2,118.2,120.4,120.0,1933.1,1.5228426395939063,1.6949152542372836
2021-06-15,120.0,119.7,121.5,120.2,451.8,0.16666666666666904,0.16666666666667052
2021-06-16,143.0,119.0,143.0,119.1,2988.0,-16.713286713286717,-0.9151414309484296
2021-06-17,118.0,117.0,118.5,117.0,2848.5,-0.847457627118644,-1.7632241813602012
2021-06-18,118.0,117.0,118.3,117.4,1788.4,-0.5084745762711816,0.34188034188034067
2021-06-21,117.5,117.3,118.9,117.4,1497.2,-0.08510638297871857,0.0
2021-06-22,118.0,117.2,118.6,117.5,2161.6,-0.423728813559322,0.08517887563883608
2021-06-23,118.0,116.6,118.1,116.9,1281.2,-0.9322033898305037,-0.5106382978723345
2021-06-24,117.9,116.8,118.2,117.5,1374.3,-0.3392705682782067,0.5132591958939114
2021-06-25,117.2,116.8,117.8,117.5,1763.3,0.2559726962457314,0.0
2021-06-28,117.5,116.7,117.6,116.7,1711.0,-0.6808510638297848,-0.6808510638297793
2021-06-29,116.9,116.9,119.3,118.0,2339.9,0.9409751924721935,1.1139674378748854
2021-06-30,118.0,118.0,121.5,119.0,2685.9,0.847457627118644,0.8474576271186418
2021-07-01,119.7,118.5,119.9,118.6,2194.7,-0.9189640768588208,-0.3361344537815225
2021-07-02,118.1,117.5,118.8,117.5,1789.1,-0.508044030482637,-0.9274873524451888
2021-07-05,116.7,114.9,117.0,115.0,2765.2,-1.4567266495287083,-2.127659574468088
2021-07-06,115.0,112.0,116.0,112.0,3006.5,-2.608695652173913,-2.608695652173909
2021-07-07,112.0,110.0,114.0,114.0,2507.0,1.7857142857142856,1.7857142857142794
2021-07-08,113.0,110.5,113.0,111.0,1480.9,-1.7699115044247788,-2.631578947368418
2021-07-09,109.2,107.5,111.0,108.6,1787.9,-0.5494505494505573,-2.1621621621621623
2021-07-12,108.5,101.7,110.0,104.0,2863.9,-4.147465437788019,-4.23572744014733
2021-07-13,104.1,99.0,105.1,103.0,2355.2,-1.056676272814596,-0.9615384615384581
2021-07-14,103.0,102.0,106.4,103.0,2585.1,0.0,0.0
2021-07-15,103.0,101.3,103.7,102.0,2584.2,-0.9708737864077669,-0.9708737864077666
2021-07-16,102.1,102.1,106.1,105.8,2158.2,3.6238981390793366,3.725490196078418
2021-07-19,103.1,100.5,104.9,102.9,1851.3,-0.19398642095052246,-2.7410207939508435
2021-07-20,102.6,100.0,103.2,103.0,2130.3,0.3898635477582902,0.09718172983479434
2021-07-21,106.0,102.8,106.5,104.0,2742.6,-1.8867924528301887,0.9708737864077666
2021-07-23,106.2,104.0,108.8,104.0,3088.8,-2.0715630885122436,0.0
2021-07-26,104.8,103.1,105.4,104.2,1940.2,-0.5725190839694603,0.19230769230769162
2021-07-27,105.0,104.3,105.8,104.3,1442.8,-0.6666666666666694,0.09596928982724684
2021-07-28,104.3,104.0,105.5,105.2,1192.4,0.8628954937679824,0.86289549376799
2021-07-29,105.5,104.5,105.6,105.1,1076.5,-0.37914691943128503,-0.09505703422053591
2021-07-30,107.0,106.1,107.3,107.2,2276.0,0.18691588785046995,1.9980970504281714
2021-08-02,107.5,106.9,109.6,107.5,1682.4,0.0,0.2798507462686617
2021-08-03,109.4,109.0,115.0,114.5,7293.1,4.661791590493596,6.511627906976747
2021-08-04,115.5,114.0,116.4,114.0,2809.4,-1.2987012987012987,-0.4366812227074246
2021-08-05,113.7,112.9,115.0,114.0,2049.2,0.2638522427440608,0.0
2021-08-06,115.0,113.3,115.9,113.3,3021.9,-1.4782608695652197,-0.6140350877193002
2021-08-09,113.2,111.6,113.7,113.1,3219.8,-0.08833922261484853,-0.1765225066195919
2021-08-10,115.0,113.0,115.0,113.0,2830.6,-1.7391304347826086,-0.08841732979663064
2021-08-11,113.0,111.0,114.0,111.0,2382.0,-1.7699115044247788,-1.7699115044247815
2021-08-12,111.0,110.5,112.9,111.1,1833.4,0.09009009009008498,0.09009009009008917
2021-08-13,111.5,110.5,112.2,110.9,2119.3,-0.538116591928246,-0.18001800180017513
2021-08-16,112.0,110.6,112.7,110.6,3085.8,-1.250000000000005,-0.2705139765554643
2021-08-17,100.0,98.9,103.4,98.9,4887.5,-1.0999999999999943,-10.578661844484616
2021-08-18,99.0,97.9,100.2,97.9,2297.7,-1.1111111111111054,-1.0111223458038388
2021-08-19,97.9,96.7,104.0,104.0,3521.1,6.230847803881505,6.230847803881501
2021-08-20,100.0,97.2,102.0,97.7,4953.9,-2.299999999999997,-6.057692307692308
2021-08-23,97.5,95.8,97.7,96.2,2161.0,-1.3333333333333304,-1.5353121801433
2021-08-24,96.4,95.1,97.0,95.6,1344.5,-0.829875518672211,-0.6237006237006293
2021-08-25,95.4,93.0,95.4,94.6,2057.0,-0.8385744234800957,-1.0460251046025104
2021-08-26,94.6,93.0,94.6,93.4,1668.4,-1.2684989429175355,-1.2684989429175397
2021-08-27,93.0,91.5,95.0,94.8,2485.9,1.9354838709677389,1.498929336188426
2021-08-30,95.0,94.1,95.3,94.1,1414.9,-0.9473684210526375,-0.7383966244725815
2021-08-31,94.1,93.8,95.1,94.1,1529.6,0.0,0.0
2021-09-01,94.1,94.1,95.0,94.1,1303.1,0.0,0.0
2021-09-03,114.5,114.5,114.5,114.5,7293.1,0.0,21.679064824654624
2021-09-06,113.3,94.2,113.3,95.0,3021.9,-16.151809355692848,-17.030567685589514
2021-09-07,95.3,93.9,95.3,93.9,2280.2,-1.4690451206715547,-1.1578947368421022
2021-09-08,94.3,92.0,94.3,92.0,2505.7,-2.4390243902438993,-2.0234291799787085
2021-09-09,92.1,91.3,92.4,91.3,2696.6,-0.8686210640608004,-0.7608695652173925
2021-09-10,91.8,91.3,92.0,91.3,1614.6,-0.5446623093681917,0.0
2021-09-13,91.8,91.6,93.4,92.4,1644.1,0.6535947712418394,1.2048192771084487
2021-09-14,92.3,91.9,92.9,92.0,1419.3,-0.3250270855904628,-0.43290043290044045
2021-09-15,92.0,91.3,92.4,91.4,875.4,-0.652173913043472,-0.6521739130434745
2021-09-17,88.0,86.8,89.2,86.8,5567.9,-1.3636363636363669,-5.03282275711161
2021-09-20,87.0,86.0,88.9,86.7,4014.8,-0.3448275862068933,-0.11520737327188613
2021-09-22,85.6,85.4,86.9,86.1,2845.5,0.5841121495327104,-0.6920415224913601
2021-09-23,86.5,86.4,87.4,87.1,2637.5,0.6936416184971033,1.1614401858304202
2021-09-27,87.0,85.0,87.5,86.1,3000.8,-1.0344827586206962,-1.148105625717566
2021-09-28,85.3,85.2,86.9,86.5,2387.3,1.4067995310668264,0.4645760743321681
2021-09-29,86.7,86.0,86.9,86.7,1911.2,0.0,0.23121387283238093
2021-09-30,86.5,86.5,89.4,88.0,3404.7,1.7341040462427744,1.4994232987312506
2021-10-01,88.0,87.2,88.4,87.7,1734.2,-0.34090909090908766,-0.3409090909090917
2021-10-04,87.6,87.1,87.9,87.8,1565.2,0.22831050228310826,0.11402508551880963
2021-10-05,87.8,87.1,88.8,88.6,2354.9,0.9111617312072862,0.9111617312072884
2021-10-06,88.8,88.1,88.9,88.6,1736.8,-0.22522522522522842,0.0
2021-10-07,88.3,88.3,89.5,88.8,2290.9,0.5662514156285391,0.22573363431150906
2021-10-08,89.0,88.8,89.5,89.3,1298.5,0.3370786516853901,0.5630630630630629
2021-10-11,89.4,89.4,92.0,91.9,2539.7,2.796420581655481,2.911534154535289
2021-10-12,92.0,92.0,93.0,92.9,2438.7,0.9782608695652235,1.088139281828071
2021-10-13,93.0,92.8,93.8,93.1,2581.2,0.10752688172042399,0.21528525296015122
2021-10-14,93.2,91.5,93.2,92.5,2677.9,-0.7510729613733936,-0.6444683136412444
2021-10-15,92.5,92.0,93.0,92.6,1553.7,0.10810810810810198,0.108108108108107
2021-10-18,92.3,91.1,92.9,92.6,2039.4,0.3250270855904628,0.0
2021-10-19,92.6,91.5,92.7,92.4,1686.7,-0.21598272138227714,-0.21598272138227959
2021-10-20,92.3,89.9,92.5,92.3,3128.6,0.0,-0.10822510822511289
2021-10-21,91.7,91.0,92.6,91.0,2847.4,-0.7633587786259572,-1.4084507042253502
2021-10-22,91.0,90.8,91.8,91.8,1428.0,0.879120879120876,0.879120879120876
2021-10-25,91.9,91.2,92.5,92.0,1200.9,0.1088139281828012,0.21786492374729072
2021-10-26,91.8,90.9,92.2,92.2,1335.9,0.43572984749455956,0.21739130434783593
2021-10-27,92.0,91.6,95.0,95.0,3908.9,3.260869565217391,3.0368763557483636
2021-10-28,95.0,93.6,95.4,95.0,2086.1,0.0,0.0
2021-11-01,95.8,94.9,96.0,95.8,2226.6,0.0,0.8421052631578885
2021-11-02,95.7,94.9,96.0,95.8,1542.4,0.10449320794147784,0.0
2021-11-03,95.8,93.9,95.8,95.3,3568.2,-0.5219206680584552,-0.5219206680584509
2021-11-05,94.5,94.0,95.0,95.0,1786.6,0.5291005291005291,-0.31479538300104304
2021-11-08,95.0,94.5,95.5,94.9,1792.0,-0.10526315789473085,-0.10526315789473051
2021-11-09,95.4,93.2,95.4,94.9,2373.8,-0.5241090146750523,0.0
2021-11-10,95.1,93.6,95.2,94.9,1680.5,-0.21030494216612897,0.0
2021-11-11,94.9,93.9,95.0,94.8,2186.6,-0.10537407797682667,-0.10537407797682752
2021-11-12,94.8,93.9,94.8,94.5,1133.1,-0.31645569620252867,-0.31645569620253333
2021-11-15,94.5,94.0,95.1,95.0,1922.4,0.5291005291005291,0.5291005291005346
2021-11-16,95.0,93.9,95.1,94.8,1643.9,-0.21052631578947667,-0.21052631578947212
2021-11-17,94.7,94.2,97.0,96.3,2815.8,1.689545934530089,1.5822784810126667
2021-11-18,97.0,94.5,98.5,94.5,3871.1,-2.5773195876288657,-1.869158878504673
2021-11-19,94.6,94.0,96.0,94.8,2032.5,0.21141649048626093,0.31746031746031633
2021-11-22,94.5,93.0,95.0,94.8,2152.1,0.31746031746031445,0.0
2021-11-23,93.6,93.6,95.0,94.8,1382.7,1.282051282051285,0.0
2021-11-24,94.8,93.5,95.0,94.1,2045.1,-0.7383966244725769,-0.7383966244725815
2021-11-25,94.8,93.9,94.8,94.0,1401.8,-0.8438818565400814,-0.10626992561104665
2021-11-30,105.5,103.6,106.9,105.0,4674.3,-0.47393364928909953,11.702127659574458
2021-12-01,105.0,104.0,107.3,106.0,4082.0,0.9523809523809524,0.952380952380949
2021-12-02,106.0,105.1,108.5,107.2,4428.6,1.1320754716981158,1.132075471698113
2021-12-03,109.1,105.5,109.6,105.5,5152.4,-3.299725022914752,-1.585820895522394
2021-12-06,107.9,106.1,108.9,106.2,3814.3,-1.5755329008341084,0.6635071090047351
2021-12-07,107.4,105.6,107.5,106.7,3026.3,-0.6517690875232801,0.47080979284368496
2021-12-08,106.5,103.5,107.0,105.9,3539.5,-0.5633802816901355,-0.7497656982193068
2021-12-09,105.0,104.0,107.5,107.0,3173.4,1.9047619047619049,1.0387157695939564
2021-12-10,107.0,103.1,107.2,103.1,3080.6,-3.6448598130841177,-3.6448598130841225
2021-12-13,102.7,101.0,104.5,103.2,4076.2,0.486854917234664,0.09699321047527132
2021-12-14,103.0,101.6,103.1,102.5,2629.1,-0.48543689320388345,-0.6782945736434121
2021-12-15,102.7,99.9,102.7,100.0,2897.3,-2.6290165530671885,-2.4390243902439046
2021-12-16,100.0,98.5,101.5,100.0,3095.2,0.0,0.0
2021-12-17,100.0,98.8,102.7,102.0,6655.0,2.0,2.0000000000000018
2021-12-20,102.0,99.0,102.0,99.0,1372.8,-2.941176470588235,-2.941176470588236
2021-12-21,99.0,98.1,100.8,98.1,1467.3,-0.9090909090909147,-0.909090909090915
2021-12-22,98.2,98.2,100.1,99.6,2410.6,1.4256619144602765,1.5290519877675823
2021-12-23,99.6,96.0,100.0,96.0,2771.1,-3.6144578313252955,-3.6144578313252906
2021-12-24,96.5,95.1,96.9,96.5,1415.5,0.0,0.5208333333333259
2021-12-27,97.0,96.5,99.0,99.0,1907.5,2.0618556701030926,2.590673575129543
2021-12-28,99.1,96.5,99.3,98.4,1737.3,-0.7063572149343982,-0.6060606060605989
2021-12-29,98.0,95.2,98.0,95.5,2291.9,-2.5510204081632653,-2.9471544715447218
2021-12-30,95.8,95.0,96.4,95.0,1662.4,-0.8350730688935253,-0.5235602094240788
2022-01-03,105.5,105.5,105.5,105.5,5152.4,0.0,11.05263157894736
2022-01-04,95.0,95.0,101.5,101.0,3071.1,6.315789473684211,-4.265402843601896
2022-01-05,100.8,99.5,102.2,100.0,3396.5,-0.7936507936507908,-0.990099009900991
2022-01-06,101.0,100.5,106.4,104.5,5061.4,3.4653465346534658,4.499999999999993
2022-01-07,106.4,102.2,106.4,102.2,3108.8,-3.947368421052634,-2.200956937799037
2022-01-10,102.5,102.2,105.5,102.3,2908.5,-0.19512195121951498,0.09784735812132794
2022-01-11,102.0,99.8,102.0,101.0,2240.6,-0.9803921568627451,-1.2707722385141729
2022-01-12,101.5,98.0,101.5,100.8,2338.5,-0.6896551724137958,-0.1980198019801982
2022-01-13,101.0,98.5,101.0,98.8,1955.7,-2.178217821782181,-1.9841269841269882
2022-01-17,99.0,97.2,99.2,97.5,1267.9,-1.5151515151515151,-1.3157894736842035
2022-01-18,97.0,94.7,97.0,95.5,1448.0,-1.5463917525773196,-2.051282051282055
2022-01-19,95.0,93.5,95.9,93.8,1854.7,-1.263157894736845,-1.7801047120418856
2022-01-20,94.6,94.6,96.3,95.1,782.0,0.5285412262156448,1.3859275053304865
2022-01-21,95.9,93.3,96.0,95.5,3192.8,-0.41710114702816026,0.4206098843322792
2022-01-24,94.9,92.5,96.0,95.0,3935.3,0.10537407797681171,-0.5235602094240788
2022-01-25,95.0,93.4,97.7,96.0,3198.4,1.0526315789473684,1.0526315789473717
2022-01-26,96.2,94.5,96.5,96.4,1932.0,0.20790020790021085,0.4166666666666652
2022-01-27,96.5,94.2,96.5,96.5,2559.0,0.0,0.10373443983402453
2022-01-28,95.1,94.5,97.0,97.0,2999.6,1.9978969505783446,0.5181347150259086
2022-02-07,96.4,91.2,97.5,91.2,7413.4,-5.394190871369297,-5.97938144329897
2022-02-08,91.3,86.7,92.3,87.3,8010.8,-4.381161007667032,-4.276315789473695
2022-02-11,83.0,81.5,83.6,81.7,7846.4,-1.5662650602409605,-6.414662084765165
2022-02-14,81.7,80.7,84.0,81.8,4973.5,0.12239902080782657,0.1223990208078174
2022-02-15,82.0,81.8,83.8,83.7,3001.5,2.0731707317073207,2.3227383863080764
2022-02-16,83.9,82.7,83.9,82.9,1986.0,-1.1918951132300357,-0.9557945041815952
2022-02-17,82.8,82.0,83.5,83.1,2865.6,0.3623188405797067,0.24125452352230514
2022-02-18,82.5,82.0,82.8,82.2,2914.4,-0.3636363636363602,-1.0830324909747224
2022-02-21,82.1,82.0,83.8,83.6,2513.7,1.8270401948842874,1.703163017031617
2022-02-22,83.0,81.8,83.0,82.0,2975.2,-1.2048192771084338,-1.9138755980861122
2022-02-23,82.1,82.0,82.5,82.5,1439.0,0.487210718635817,0.6097560975609762
2022-02-24,82.3,79.3,82.4,80.1,6367.5,-2.673147023086273,-2.9090909090909167
2022-02-25,80.9,79.1,80.9,79.1,3385.5,-2.2249690976514356,-1.2484394506866447
2022-02-28,79.4,77.0,79.5,77.0,4678.6,-3.0226700251889236,-2.654867256637161
2022-03-01,77.1,77.0,79.9,79.2,3467.6,2.7237354085603225,2.857142857142869
2022-03-02,79.2,77.3,79.2,78.9,2401.0,-0.3787878787878752,-0.37878787878787845
2022-03-03,78.9,78.3,80.4,79.0,2610.4,0.1267427122940359,0.12674271229402567
2022-03-04,79.0,77.8,79.3,79.0,3817.4,0.0,0.0
2022-03-07,78.3,77.3,79.0,78.5,2442.6,0.25542784163474186,-0.6329113924050667
2022-03-08,78.0,77.1,78.8,77.9,4290.2,-0.12820512820512092,-0.7643312101910715
2022-03-09,78.1,77.3,78.7,78.0,3049.9,-0.12804097311138837,0.12836970474967568
2022-03-10,78.5,78.0,80.6,79.1,4366.6,0.7643312101910755,1.4102564102564052
2022-03-11,78.8,77.9,79.0,79.0,2222.4,0.2538071065989884,-0.12642225031604948
2022-03-14,78.8,77.4,78.8,78.3,2622.7,-0.6345177664974619,-0.8860759493670933
2022-03-15,78.0,77.1,78.6,78.3,2733.9,0.384615384615381,0.0
2022-03-16,78.3,77.2,78.4,78.1,2950.0,-0.25542784163474186,-0.25542784163473664
2022-03-17,78.3,77.3,78.5,78.4,2565.9,0.12771392081737998,0.3841229193342066
2022-03-18,78.3,77.4,79.5,78.8,5520.7,0.6385696040868455,0.5102040816326481
2022-03-21,78.8,78.3,81.0,81.0,3705.3,2.791878172588836,2.7918781725888353
2022-03-22,81.0,81.0,82.4,82.2,3631.8,1.481481481481485,1.4814814814814836
2022-03-23,82.1,81.4,82.4,81.4,1529.2,-0.8526187576126536,-0.9732360097323589
2022-03-24,81.4,80.4,81.4,81.0,1995.2,-0.49140049140049835,-0.49140049140049546
2022-03-25,80.6,79.7,81.0,81.0,2193.5,0.49627791563276147,0.0
2022-03-28,79.9,79.8,81.2,80.5,2339.9,0.75093867334167,-0.6172839506172867
2022-03-29,80.0,79.8,81.7,80.8,2798.3,0.9999999999999963,0.3726708074534235
2022-03-30,82.5,80.5,82.7,81.1,3088.4,-1.6969696969697037,0.3712871287128605
2022-03-31,81.1,81.1,82.3,81.2,1372.0,0.12330456226881446,0.12330456226881115
2022-04-01,81.4,80.9,82.4,82.1,2609.9,0.8599508599508459,1.1083743842364324
2022-04-04,82.5,81.5,82.8,82.7,2730.5,0.24242424242424584,0.7308160779537332
2022-04-05,82.5,81.7,83.1,82.3,3591.1,-0.24242424242424584,-0.48367593712213
2022-04-06,80.5,79.5,82.3,80.5,5679.1,0.0,-2.1871202916160404
2022-04-07,80.2,77.6,80.3,79.5,3704.8,-0.872817955112223,-1.2422360248447228
2022-04-08,80.0,80.0,82.4,81.7,5192.0,2.1250000000000036,2.767295597484276
2022-04-12,81.4,80.3,81.4,81.3,2356.5,-0.12285012285013332,-0.4895960832313362
2022-04-13,81.0,80.7,82.2,82.2,3146.3,1.481481481481485,1.1070110701107083
2022-04-14,81.6,81.1,82.2,81.7,1763.7,0.12254901960785358,-0.6082725060827299
2022-04-15,81.5,80.6,81.8,80.7,1678.4,-0.9815950920245364,-1.2239902080783405
2022-04-18,80.0,78.1,80.1,79.5,2984.7,-0.625,-1.486988847583648
2022-04-19,78.6,77.9,79.8,78.8,1816.0,0.254452926208655,-0.8805031446540879
2022-04-20,78.0,78.0,79.8,79.3,1713.9,1.6666666666666632,0.6345177664974555
2022-04-21,79.0,77.5,79.5,77.5,2684.3,-1.89873417721519,-2.2698612862547263
2022-04-22,77.7,77.6,79.0,77.7,1867.3,0.0,0.2580645161290418
2022-04-25,77.8,72.7,79.2,76.2,2738.0,-2.056555269922872,-1.9305019305019266
2022-04-26,73.5,73.5,78.5,78.0,3661.7,6.122448979591836,2.3622047244094446
2022-04-27,77.5,75.0,78.0,78.0,2793.5,0.6451612903225806,0.0
2022-04-28,78.0,76.3,78.2,77.9,1386.1,-0.12820512820512092,-0.12820512820511665
2022-04-29,77.5,76.6,80.0,80.0,2148.7,3.225806451612903,2.695763799743256
2022-05-04,79.6,77.7,80.0,79.7,1436.0,0.1256281407035283,-0.374999999999992
2022-05-05,79.6,78.5,80.0,80.0,1858.6,0.5025125628140775,0.37641154328731385
2022-05-06,78.5,78.0,80.0,79.8,1690.0,1.6560509554140093,-0.2500000000000058
2022-05-09,78.7,77.9,79.2,79.1,2428.9,0.5082592121982102,-0.8771929824561431
2022-05-10,78.9,78.1,80.4,80.4,2617.9,1.9011406844106464,1.643489254108732
2022-05-11,80.2,78.7,80.5,80.5,1983.6,0.3740648379052333,0.12437810945273853
2022-05-12,80.0,77.1,80.0,79.0,2474.1,-1.25,-1.8633540372670843
2022-05-13,79.0,77.2,79.0,78.0,3134.6,-1.2658227848101267,-1.2658227848101222
2022-05-16,79.0,76.2,79.0,77.0,1994.1,-2.5316455696202533,-1.2820512820512775
2022-05-17,76.0,75.2,78.0,78.0,1857.4,2.631578947368421,1.298701298701288
2022-05-18,78.0,76.0,78.0,78.0,2964.9,0.0,0.0
2022-05-19,76.4,76.2,79.0,77.9,2650.3,1.963350785340314,-0.12820512820511665
2022-05-20,77.9,76.5,77.9,77.8,2331.1,-0.12836970474969,-0.12836970474968679
2022-05-23,77.6,76.3,77.7,77.4,2644.7,-0.25773195876287197,-0.5141388174807138
2022-05-24,77.0,76.4,77.6,77.6,1568.3,0.7792207792207718,0.2583979328165231
2022-05-25,77.6,76.8,78.1,77.7,1360.4,0.12886597938145428,0.12886597938146505
2022-05-26,77.6,76.8,77.7,77.7,2076.7,0.12886597938145428,0.0
2022-05-27,77.4,77.0,78.0,78.0,1575.8,0.775193798449605,0.38610038610038533
2022-05-30,78.0,77.2,78.5,78.5,1390.9,0.641025641025641,0.6410256410256387
2022-05-31,78.0,77.7,79.5,78.8,1776.6,1.025641025641022,0.3821656050955413
2022-06-01,78.6,78.3,79.4,79.3,1539.2,0.8905852417302835,0.6345177664974555
2022-06-02,79.2,77.6,79.2,78.9,2935.6,-0.3787878787878752,-0.5044136191677095
2022-06-03,78.1,78.0,79.2,78.8,1249.1,0.8962868117797732,-0.12674271229405898
2022-06-06,78.7,77.9,78.9,78.5,1503.5,-0.25412960609911417,-0.3807106598984755
2022-06-07,78.5,77.7,78.5,78.0,1562.2,-0.6369426751592357,-0.6369426751592355
2022-06-08,77.8,77.6,78.7,78.1,1441.7,0.3856041131105362,0.12820512820512775
2022-06-09,77.7,77.3,78.2,78.1,1542.1,0.5148005148005038,0.0
2022-06-10,77.8,77.5,78.2,78.0,979.6,0.25706940874036355,-0.1280409731113874
2022-06-13,78.0,76.2,78.0,76.4,3134.6,-2.051282051282044,-2.051282051282044
2022-06-14,76.2,75.2,76.6,76.6,2058.5,0.5249343832020885,0.2617801047120283
2022-06-15,76.6,75.3,76.9,76.7,2037.2,0.1305483028720738,0.13054830287206887
2022-06-16,76.0,75.8,77.7,76.6,1597.8,0.7894736842105189,-0.1303780964797996
2022-06-17,75.8,75.1,76.6,76.6,3725.3,1.0554089709762495,0.0
2022-06-20,77.8,75.3,77.8,75.6,2331.1,-2.8277634961439624,-1.305483028720622
2022-06-21,75.2,73.8,75.2,75.0,1956.2,-0.2659574468085144,-0.7936507936507908
2022-06-22,74.7,73.6,75.0,75.0,1418.9,0.4016064257028074,0.0
2022-06-23,74.1,73.0,74.2,74.2,1548.9,0.13495276653172542,-1.0666666666666602
2022-06-24,73.5,72.0,74.6,74.6,1514.8,1.4965986394557746,0.5390835579514697
2022-06-27,73.8,73.5,74.8,73.8,1822.4,0.0,-1.072386058981234
2022-06-28,73.0,72.4,73.8,73.6,2228.3,0.8219178082191704,-0.27100271002710175
2022-06-29,72.8,72.3,73.4,73.4,1429.3,0.824175824175836,-0.27173913043476716
2022-06-30,72.7,72.4,73.5,73.5,1878.8,1.1004126547455255,0.13623978201633413
2022-07-01,73.2,72.1,73.4,72.6,1866.6,-0.8196721311475527,-1.224489795918371
2022-07-04,72.4,72.2,72.7,72.7,758.3,0.41436464088397396,0.13774104683197397
2022-07-05,72.7,72.0,72.8,72.3,1478.7,-0.5502063273727726,-0.5502063273727709
2022-07-06,72.0,67.5,72.1,67.5,2171.7,-6.25,-6.639004149377592
2022-07-07,68.0,66.5,69.8,69.8,2174.1,2.6470588235294077,3.4074074074073923
2022-07-08,70.0,67.5,70.7,70.0,1413.8,0.0,0.2865329512893977
2022-07-11,67.7,66.2,70.0,70.0,2385.9,3.3973412112259926,0.0
2022-07-12,68.6,68.0,70.1,69.9,1212.4,1.8950437317784425,-0.14285714285713347
2022-07-13,68.6,68.3,70.0,69.5,2004.6,1.3119533527696876,-0.5722460658083017
2022-07-14,69.5,68.5,69.8,69.5,1414.3,0.0,0.0
2022-07-15,69.1,68.6,69.8,69.6,1582.5,0.7235890014471781,0.14388489208632116
2022-07-18,69.6,68.0,69.6,68.0,1088.0,-2.2988505747126355,-2.298850574712641
2022-07-19,68.0,68.0,69.0,68.8,655.4,1.17647058823529,1.17647058823529
2022-07-20,68.8,68.2,69.0,68.2,626.1,-0.8720930232558057,-0.8720930232558044
2022-07-21,68.2,68.1,68.8,68.5,930.6,0.43988269794720986,0.4398826979472137
2022-07-22,68.1,66.5,68.5,66.5,674.7,-2.3494860499265706,-2.9197080291970767
2022-07-25,66.9,66.5,67.4,67.3,755.8,0.5979073243647106,1.2030075187969835
2022-07-26,66.1,66.1,67.6,66.1,592.7,0.0,-1.7830609212481474
2022-07-27,66.2,66.0,66.8,66.5,581.4,0.4531722054380622,0.605143721633894
2022-07-28,66.6,66.0,67.1,67.0,1152.2,0.6006006006006092,0.7518796992481258
2022-07-29,67.8,64.0,67.8,64.0,1908.5,-5.604719764011795,-4.477611940298509
2022-08-01,64.9,64.1,65.1,64.7,1261.8,-0.3081664098613295,1.0937500000000044
2022-08-02,64.8,64.5,66.6,66.6,1372.6,2.7777777777777732,2.9366306027820643
2022-08-03,65.8,65.1,66.3,66.0,1250.7,0.30395136778115933,-0.9009009009008917
2022-08-04,66.0,65.4,66.4,66.4,1146.0,0.6060606060606146,0.60606060606061
2022-08-05,65.9,65.2,66.2,65.4,1134.9,-0.7587253414264036,-1.5060240963855387
2022-08-08,65.4,64.6,65.7,64.6,1010.3,-1.2232415902140847,-1.2232415902140858
2022-08-09,64.8,64.7,65.4,65.3,792.0,0.771604938271605,1.0835913312693624
2022-08-10,65.0,64.7,65.6,64.8,967.9,-0.3076923076923121,-0.7656967840735107
2022-08-11,65.6,65.0,66.4,65.8,1674.0,0.30487804878049213,1.5432098765432167
2022-08-12,65.8,65.5,66.2,66.2,811.2,0.6079027355623187,0.6079027355623268
2022-08-15,66.3,66.1,66.4,66.4,802.1,0.15082956259428135,0.30211480362538623
2022-08-16,66.4,65.7,66.4,65.9,862.2,-0.753012048192771,-0.7530120481927693
2022-08-17,66.2,66.0,67.8,67.3,2201.0,1.6616314199395683,2.124430955993928
2022-08-18,67.2,67.2,69.3,68.1,2769.1,1.3392857142857015,1.1887072808320909
2022-08-19,68.0,66.8,68.4,67.9,1221.6,-0.14705882352940342,-0.2936857562408024
2022-08-22,66.5,66.0,68.0,66.0,1469.1,-0.7518796992481203,-2.798232695139924
2022-08-23,65.5,64.8,65.6,65.0,1437.8,-0.7633587786259541,-1.5151515151515138
2022-08-24,65.2,64.9,65.8,64.9,787.5,-0.4601226993864987,-0.15384615384614886
2022-08-25,65.0,65.0,65.9,65.9,483.0,1.3846153846153932,1.5408320493066174
2022-08-26,66.0,65.0,66.0,65.0,861.3,-1.5151515151515151,-1.3657056145675361
2022-08-29,64.3,63.0,64.4,63.6,1337.5,-1.0886469673405845,-2.1538461538461506
2022-08-30,63.6,63.2,64.1,63.6,868.4,0.0,0.0
2022-08-31,64.0,63.7,65.7,63.7,1236.8,-0.46874999999999556,0.15723270440251014
2022-09-05,65.4,64.0,65.4,64.0,1310.1,-2.1406727828746264,0.47095761381474865
2022-09-06,64.1,63.1,64.8,63.3,1335.6,-1.2480499219968755,-1.0937500000000044
2022-09-07,63.3,62.5,63.4,62.5,1347.4,-1.2638230647709277,-1.2638230647709303
2022-09-08,63.3,62.4,63.6,62.9,841.2,-0.6319115323854638,0.6399999999999961
2022-09-09,63.2,62.9,64.4,64.4,1193.8,1.8987341772151944,2.384737678855342
2022-09-12,64.8,63.8,64.8,64.0,552.9,-1.2345679012345634,-0.6211180124223725
2022-09-13,64.0,63.6,64.3,64.1,1059.1,0.15624999999999112,0.15624999999999112
2022-09-14,63.5,62.1,63.6,63.4,711.0,-0.15748031496063214,-1.0920436817472678
2022-09-15,63.5,62.8,64.0,63.9,851.3,0.6299212598425175,0.7886435331230235
2022-09-16,63.2,62.5,64.5,62.5,1684.4,-1.1075949367088653,-2.1909233176838794
2022-09-19,62.5,62.1,63.3,62.9,786.0,0.6399999999999977,0.6399999999999961
2022-09-20,62.6,62.6,63.9,63.9,800.1,2.076677316293925,1.5898251192368873
2022-09-21,63.5,62.7,63.6,63.1,482.7,-0.6299212598425175,-1.2519561815336422
2022-09-22,62.5,58.7,63.3,63.3,1238.7,1.2799999999999954,0.31695721077653616
2022-09-23,63.0,62.0,63.3,62.6,324.2,-0.6349206349206327,-1.1058451816745585
2022-09-26,61.8,61.6,62.6,62.0,1195.9,0.32362459546926026,-0.9584664536741228
2022-09-27,62.1,60.8,62.2,61.0,639.1,-1.771336553945252,-1.6129032258064502
2022-09-28,60.1,57.5,60.8,57.5,1138.1,-4.326123128119803,-5.737704918032782
2022-09-29,57.7,54.3,58.2,54.6,1701.1,-5.3726169844020815,-5.043478260869561
2022-09-30,53.3,53.3,56.4,55.0,1724.3,3.1894934333958775,0.73260073260073
2022-10-03,54.6,53.0,55.5,55.5,1452.7,1.6483516483516456,0.9090909090909038
2022-10-04,56.0,54.6,57.0,57.0,1296.7,1.7857142857142856,2.7027027027026973
2022-10-05,57.5,57.0,60.9,60.0,1328.1,4.3478260869565215,5.263157894736836
2022-10-06,59.8,58.1,61.9,60.1,1011.9,0.5016722408026827,0.16666666666667052
2022-10-07,60.5,58.3,60.7,60.2,2987.9,-0.49586776859503656,0.16638935108153063
2022-10-10,60.2,57.7,60.9,60.2,1238.4,0.0,0.0
2022-10-11,58.3,56.7,60.1,60.0,2186.8,2.9159519725557512,-0.33222591362126463
2022-10-12,60.0,58.3,60.2,60.0,1709.7,0.0,0.0
2022-10-13,58.7,58.2,61.0,60.4,1246.4,2.8960817717206058,0.6666666666666599
2022-10-14,60.5,58.4,60.5,59.7,779.4,-1.3223140495867722,-1.1589403973509826
2022-10-17,58.6,56.0,59.0,56.0,738.7,-4.436860068259388,-6.197654941373543
2022-10-18,56.5,56.5,58.6,58.4,606.1,3.362831858407077,4.285714285714293
2022-10-19,58.5,56.5,58.7,58.5,826.4,0.0,0.1712328767123239
2022-10-20,58.1,57.2,58.7,58.6,1099.2,0.8605851979345954,0.17094017094017033
2022-10-21,58.5,54.5,58.5,56.8,1414.6,-2.9059829059829108,-3.071672354948818
2022-10-24,56.0,52.9,56.5,56.5,1606.1,0.8928571428571428,-0.5281690140845008
2022-10-25,56.3,53.0,56.3,56.1,1446.7,-0.35523978685612034,-0.7079646017699059
2022-10-26,56.1,53.5,56.1,54.8,1054.1,-2.3172905525846774,-2.317290552584683
2022-10-27,54.6,52.5,55.0,55.0,1974.8,0.73260073260073,0.36496350364965124
2022-10-28,55.4,53.5,55.8,55.7,1281.0,0.5415162454873723,1.2727272727272698
2022-10-31,56.0,54.3,56.4,55.4,1052.8,-1.071428571428574,-0.5385996409335791
2022-11-01,55.7,54.0,55.8,55.4,1419.1,-0.5385996409335804,0.0
2022-11-02,55.3,54.0,55.4,55.4,1352.5,0.18083182640144924,0.0
2022-11-03,54.4,54.3,55.1,55.1,909.7,1.2867647058823584,-0.5415162454873612
2022-11-04,54.9,52.2,54.9,54.3,1617.9,-1.0928961748633905,-1.4519056261343088
2022-11-07,54.0,51.7,54.0,53.4,1702.5,-1.1111111111111138,-1.6574585635359074
2022-11-08,52.2,49.7,53.3,53.3,2476.1,2.107279693486579,-0.1872659176029967
2022-11-09,53.3,52.2,54.3,53.7,1573.9,0.7504690431519806,0.7504690431519911
2022-11-10,53.6,52.0,54.0,53.0,1558.0,-1.1194029850746294,-1.3035381750465591
2022-11-11,53.0,52.5,54.8,54.3,938.5,2.45283018867924,2.4528301886792336
2022-11-14,54.2,53.1,55.5,55.0,1394.6,1.4760147601475961,1.2891344383057168
2022-11-15,55.9,55.0,57.5,57.0,1583.4,1.9677996422182493,3.6363636363636376
2022-11-16,56.9,56.1,60.9,60.4,2249.5,6.151142355008787,5.964912280701751
2022-11-17,62.4,61.0,64.6,64.6,4785.4,3.5256410256410184,6.9536423841059625
2022-11-18,66.9,63.2,66.9,65.6,1693.4,-1.943198804185368,1.5479876160990669
2022-11-21,56.8,56.8,66.7,64.0,1414.6,12.676056338028175,-2.4390243902438935
2022-11-22,64.0,61.0,65.9,61.0,1466.3,-4.6875,-4.6875
2022-11-23,60.1,59.7,62.6,59.7,998.8,-0.6655574043261208,-2.1311475409836023
2022-11-24,60.0,60.0,62.1,61.0,1141.7,1.6666666666666667,2.1775544388609624
2022-11-25,63.0,62.9,65.0,65.0,2290.9,3.1746031746031744,6.557377049180335
2022-11-28,66.5,65.0,67.1,65.0,3249.9,-2.2556390977443606,0.0
2022-11-29,65.0,64.2,69.4,69.4,3559.0,6.769230769230777,6.769230769230772
2022-11-30,69.5,68.0,70.2,69.6,3225.0,0.14388489208632277,0.28818443804032867
2022-12-01,69.4,66.0,69.6,66.0,3204.6,-4.899135446685887,-5.172413793103436
2022-12-02,65.1,65.1,68.8,68.8,3591.4,5.683563748079882,4.2424242424242475
2022-12-05,68.8,68.0,70.0,68.1,2301.9,-1.0174418604651205,-1.017441860465118
2022-12-06,68.1,65.0,68.5,66.6,1803.3,-2.2026431718061676,-2.2026431718061623
2022-12-08,74.4,69.9,74.5,69.9,5602.5,-6.048387096774193,4.954954954954971
2022-12-09,70.5,67.8,71.7,67.8,2660.7,-3.8297872340425574,-3.0042918454935785
2022-12-12,67.8,63.1,68.0,63.1,2851.2,-6.9321533923303775,-6.932153392330376
2022-12-14,62.5,60.3,63.7,60.8,2897.5,-2.7200000000000046,-3.645007923930277
2022-12-15,61.1,60.3,61.6,60.6,2311.9,-0.8183306055646482,-0.3289473684210509
2022-12-16,60.6,58.4,60.8,58.4,3284.6,-3.6303630363036348,-3.63036303630363
2022-12-19,59.0,56.5,59.4,56.5,2873.6,-4.23728813559322,-3.253424657534243
2022-12-20,56.5,55.1,57.8,55.9,2088.4,-1.0619469026548698,-1.0619469026548645
2022-12-21,56.6,54.8,56.7,54.9,2477.4,-3.0035335689045985,-1.7889087656529523
2022-12-22,56.0,55.0,57.0,55.0,2433.4,-1.7857142857142856,0.18214936247722413
2022-12-23,55.3,53.9,55.9,55.1,1866.3,-0.3616636528028856,0.1818181818181941
2022-12-26,55.0,52.5,55.0,52.9,2367.8,-3.8181818181818206,-3.9927404718693382
2022-12-27,52.9,52.1,54.8,53.4,1844.0,0.945179584120983,0.945179584120992
2022-12-28,53.5,52.1,53.5,53.5,2089.0,0.0,0.18726591760300781
2022-12-29,53.2,52.5,54.0,53.6,2135.4,0.7518796992481176,0.18691588785046953
2022-12-30,53.8,53.0,53.9,53.8,2461.7,0.0,0.3731343283581934
2023-01-03,53.8,53.4,56.8,56.8,2009.3,5.576208178438662,5.576208178438669
2023-01-04,56.9,55.9,57.1,56.0,1928.4,-1.5817223198594001,-1.4084507042253502
2023-01-05,56.1,55.8,56.9,56.2,1641.9,0.17825311942959254,0.3571428571428559
2023-01-06,56.0,54.9,56.1,56.1,1951.0,0.1785714285714311,-0.1779359430605032
2023-01-09,67.8,55.0,67.8,55.0,2660.7,-18.879056047197636,-1.9607843137254943
2023-01-10,55.0,53.6,55.0,54.5,1742.9,-0.9090909090909091,-0.9090909090909038
2023-01-11,54.5,54.1,55.5,55.1,1085.6,1.1009174311926633,1.1009174311926717
2023-01-12,55.5,54.5,55.5,55.0,1067.0,-0.9009009009009009,-0.1814882032667886
2023-01-13,55.0,54.4,55.3,55.0,1223.8,0.0,0.0
2023-01-16,58.4,53.4,58.4,54.8,3284.6,-6.164383561643838,-0.363636363636366
2023-01-17,53.5,53.5,55.2,55.2,1371.2,3.1775700934579496,0.7299270072992803
2023-01-18,55.4,55.1,56.7,56.7,1647.3,2.346570397111921,2.717391304347827
2023-01-19,56.3,56.0,57.4,57.4,2343.1,1.953818827708706,1.2345679012345512
2023-01-27,57.8,57.6,59.3,59.2,2197.8,2.422145328719733,3.1358885017421567
2023-01-30,59.5,57.5,59.5,57.7,1124.5,-3.0252100840336085,-2.533783783783783
2023-01-31,58.1,56.5,58.5,57.1,1377.8,-1.7211703958691909,-1.0398613518197597
2023-02-01,57.6,54.8,57.6,55.2,1851.6,-4.166666666666664,-3.327495621716281
2023-02-02,55.2,55.1,56.1,55.8,1328.6,1.08695652173912,1.086956521739113
2023-02-03,56.0,55.0,56.0,56.0,1199.4,0.0,0.35842293906811484
2023-02-06,55.3,54.3,56.0,56.0,1416.1,1.2658227848101318,0.0
2023-02-07,56.0,53.6,56.0,55.0,1645.0,-1.7857142857142856,-1.7857142857142905
2023-02-08,54.6,53.0,54.6,54.4,2145.8,-0.3663003663003715,-1.090909090909098
2023-02-09,53.5,52.4,54.5,54.2,3006.8,1.3084112149532763,-0.367647058823517
2023-02-10,53.5,52.6,54.3,54.0,1696.0,0.9345794392523363,-0.3690036900369065
2023-02-13,53.1,52.5,53.6,53.4,1405.2,0.564971751412424,-1.1111111111111183
2023-02-14,53.1,50.8,53.1,52.9,3116.2,-0.3766478342749583,-0.9363295880149836
2023-02-15,52.7,50.9,52.9,52.9,3345.7,0.3795066413662158,0.0
2023-02-16,53.0,51.4,53.7,53.4,3240.5,0.7547169811320728,0.945179584120992
2023-02-17,53.4,52.2,53.5,53.5,1871.5,0.18726591760299893,0.18726591760300781
2023-02-20,53.3,53.0,55.0,54.1,1515.2,1.500938086303948,1.1214953271028172
2023-02-21,54.2,53.7,54.7,54.3,1502.6,0.1845018450184397,0.3696857670979492
2023-02-22,53.5,52.4,53.6,53.0,2557.8,-0.9345794392523363,-2.3941068139963106
2023-02-23,52.8,51.1,53.1,53.0,2387.1,0.37878787878788417,0.0
2023-02-24,52.1,51.7,52.9,52.9,2206.5,1.535508637236079,-0.18867924528301883
2023-02-27,52.0,51.4,52.5,52.5,1389.9,0.9615384615384616,-0.7561436672967825
2023-02-28,52.5,52.0,53.0,52.6,912.5,0.19047619047619319,0.19047619047618536
2023-03-01,52.0,51.6,53.3,52.7,794.7,1.3461538461538516,0.19011406844107182
2023-03-02,52.5,52.3,53.2,52.8,769.3,0.5714285714285661,0.1897533206830948
2023-03-03,52.8,52.2,53.0,52.7,785.9,-0.18939393939392865,-0.18939393939393367
2023-03-06,52.7,52.1,53.3,52.6,1569.8,-0.18975332068311465,-0.189753320683117
2023-03-07,53.0,52.5,53.2,52.7,1442.3,-0.5660377358490513,0.19011406844107182
2023-03-08,52.2,52.2,53.3,53.0,831.9,1.5325670498084236,0.5692599620493288
2023-03-09,53.0,52.6,53.6,53.0,1037.3,0.0,0.0
2023-03-10,53.0,52.5,53.3,53.1,899.8,0.18867924528302155,0.18867924528302993
2023-03-13,53.1,52.5,53.4,53.3,996.8,0.37664783427494486,0.37664783427493465
2023-03-14,53.2,52.6,53.2,53.0,1019.0,-0.37593984962406546,-0.5628517823639712
2023-03-15,53.0,53.0,54.0,54.0,1177.7,1.8867924528301887,1.8867924528301883
2023-03-16,54.0,53.0,55.7,53.3,3155.6,-1.2962962962963016,-1.2962962962963065
2023-03-17,53.9,52.4,54.0,53.2,3121.5,-1.2987012987012907,-0.18761726078798668
2023-03-20,53.0,51.4,53.2,52.8,3362.3,-0.3773584905660431,-0.7518796992481258
2023-03-21,52.8,51.6,53.4,52.8,1766.7,0.0,0.0
2023-03-22,52.6,52.1,52.9,52.8,1797.5,0.38022813688212115,0.0
2023-03-23,52.3,52.1,52.8,52.8,2073.8,0.9560229445506693,0.0
2023-03-24,52.6,52.6,61.0,61.0,1141.7,15.969581749049427,15.530303030303028
2023-03-27,53.3,53.2,53.5,53.5,218.1,0.3752345215759903,-12.295081967213118
2023-03-28,53.3,53.2,53.6,53.4,782.5,0.18761726078799515,-0.18691588785046953
2023-03-29,53.5,52.9,53.6,53.5,585.7,0.0,0.18726591760300781
2023-03-30,53.5,53.4,54.9,53.7,993.6,0.3738317757009399,0.37383177570093906
2023-03-31,53.6,53.6,55.2,55.0,2619.4,2.61194029850746,2.4208566108007368
2023-04-03,55.9,55.6,58.8,58.0,4851.8,3.756708407871201,5.454545454545445
2023-04-04,58.5,56.8,58.7,56.8,1871.7,-2.9059829059829108,-2.0689655172413834
2023-04-05,56.7,55.0,56.7,56.0,1869.1,-1.234567901234573,-1.4084507042253502
2023-04-06,56.4,54.5,56.4,54.5,2064.9,-3.368794326241132,-2.67857142857143
2023-04-07,55.0,53.4,55.0,54.4,2379.6,-1.0909090909090935,-0.18348623853211565
2023-04-10,54.5,53.3,54.6,53.8,2145.1,-1.2844036697247758,-1.1029411764705954
2023-04-11,53.7,52.8,53.7,53.6,1847.0,-0.18621973929236763,-0.3717472118959009
2023-04-12,53.3,52.6,53.5,53.1,3646.3,-0.37523452157597703,-0.9328358208955279
2023-04-13,53.1,52.7,53.5,53.0,1919.8,-0.18832391713747915,-0.18832391713747842
2023-04-14,53.2,52.7,53.5,52.9,1662.6,-0.5639097744360981,-0.18867924528301883
2023-04-17,52.9,52.4,52.9,52.9,1758.2,0.0,0.0
2023-04-18,52.9,52.4,52.9,52.8,1755.8,-0.1890359168241993,-0.1890359168241984
2023-04-19,52.6,52.3,52.7,52.6,1746.3,0.0,-0.37878787878786735
2023-04-20,52.5,52.2,52.7,52.6,1217.4,0.19047619047619319,0.0
2023-04-21,52.6,52.1,52.7,52.7,1698.6,0.19011406844106732,0.19011406844107182
2023-04-24,52.7,52.2,52.7,52.6,1496.2,-0.18975332068311465,-0.189753320683117
2023-04-25,52.8,51.8,52.8,52.5,2716.4,-0.5681818181818128,-0.19011406844107182
2023-04-26,52.4,51.7,52.4,51.9,1836.6,-0.9541984732824428,-1.1428571428571455
2023-04-27,51.8,50.5,51.8,50.5,3596.0,-2.509652509652504,-2.6974951830443183
2023-04-28,50.6,50.6,52.1,52.1,2241.1,2.9644268774703555,3.168316831683171
2023-05-04,52.1,51.1,52.1,51.3,1498.4,-1.5355086372360927,-1.5355086372360938
2023-05-05,50.9,50.6,51.4,50.7,1298.8,-0.3929273084479288,-1.1695906432748426
2023-05-08,50.7,50.5,50.9,50.9,1338.2,0.3944773175542322,0.39447731755424265
2023-05-09,50.9,50.4,51.0,50.6,1113.4,-0.5893909626719002,-0.5893909626718985
2023-05-10,50.8,50.4,50.8,50.6,1069.3,-0.39370078740156644,0.0
2023-05-11,50.7,50.3,50.7,50.5,1190.3,-0.3944773175542462,-0.19762845849802257
2023-05-12,50.7,50.5,51.9,51.7,2093.0,1.9723865877712032,2.3762376237623783
2023-05-15,54.9,54.0,54.9,54.4,4520.0,-0.9107468123861567,5.222437137330749
2023-05-16,54.6,52.8,54.8,52.9,2621.4,-3.113553113553119,-2.757352941176472
2023-05-17,52.9,52.6,53.8,53.2,2168.2,0.5671077504725979,0.5671077504725952
2023-05-18,53.6,53.0,53.8,53.2,2078.7,-0.7462686567164152,0.0
2023-05-19,53.4,52.1,53.4,52.5,1932.2,-1.6853932584269637,-1.3157894736842146
2023-05-22,52.5,51.9,52.7,52.1,1855.2,-0.7619047619047592,-0.7619047619047636
2023-05-23,52.2,52.2,53.5,52.6,2019.0,0.7662835249042118,0.9596928982725572
2023-05-24,52.8,52.3,52.8,52.6,1290.3,-0.37878787878787074,0.0
2023-05-25,52.6,52.2,52.7,52.6,1453.5,0.0,0.0
2023-05-26,52.4,52.0,52.5,52.0,1593.3,-0.7633587786259515,-1.1406844106463865
2023-05-29,52.0,52.0,52.9,52.7,1381.3,1.3461538461538516,1.3461538461538414
2023-05-30,52.7,52.3,52.9,52.4,1315.0,-0.5692599620493439,-0.5692599620493399
2023-05-31,52.4,52.0,52.4,52.0,2432.0,-0.7633587786259515,-0.7633587786259555
2023-06-01,52.0,51.6,52.2,52.0,1526.9,0.0,0.0
2023-06-02,52.0,51.9,52.3,52.0,1731.4,0.0,0.0
2023-06-05,52.1,52.0,52.5,52.1,1824.3,0.0,0.19230769230769162
2023-06-06,52.2,52.2,53.2,53.2,2120.2,1.9157088122605364,2.111324376199608
2023-06-07,53.4,52.6,53.4,52.8,1656.1,-1.1235955056179803,-0.7518796992481258
2023-06-08,52.8,52.4,53.0,52.4,1436.1,-0.7575757575757549,-0.7575757575757569
2023-06-09,52.5,52.2,52.6,52.3,819.0,-0.38095238095238637,-0.1908396946564861
2023-06-12,52.5,52.5,53.4,53.4,1711.5,1.7142857142857115,2.103250478011476
2023-06-13,53.7,53.3,54.3,54.1,2112.1,0.7448789571694573,1.310861423220988
2023-06-14,54.1,53.8,54.7,53.8,2242.8,-0.554528650646958,-0.5545286506469571
2023-06-15,53.8,53.3,54.5,53.5,2114.7,-0.557620817843861,-0.5576208178438624
2023-06-16,53.8,52.6,54.0,53.5,3878.9,-0.557620817843861,0.0
2023-06-19,53.8,52.1,53.8,52.1,2316.6,-3.159851301115234,-2.61682242990654
2023-06-20,52.0,51.9,52.5,52.0,1464.5,0.0,-0.19193857965451588
2023-06-21,52.1,51.7,52.4,52.4,2070.4,0.5758157389635262,0.7692307692307665
2023-06-22,52.7,52.0,52.8,52.4,1626.3,-0.5692599620493439,0.0
2023-06-23,52.1,51.9,52.3,52.0,2178.9,-0.19193857965451327,-0.7633587786259555
2023-06-26,52.1,51.9,52.7,52.2,1524.7,0.19193857965451327,0.38461538461538325
2023-06-27,52.2,52.2,53.0,52.4,2488.3,0.38314176245209913,0.3831417624520883
2023-06-28,52.6,52.0,52.7,52.2,1893.5,-0.7604562737642558,-0.3816793893129722
2023-06-29,52.2,51.8,52.4,51.8,1628.3,-0.7662835249042255,-0.766283524904221
2023-06-30,51.8,51.0,51.9,51.0,1743.9,-1.544401544401539,-1.5444015444015413
2023-07-03,51.5,51.1,51.7,51.1,1866.1,-0.7766990291262109,0.19607843137254832
2023-07-04,51.5,51.1,51.5,51.3,1359.6,-0.38834951456311234,0.3913894324853118
2023-07-05,51.4,50.9,51.6,51.0,2479.2,-0.7782101167315147,-0.5847953216374213
2023-07-06,51.0,50.4,51.4,50.4,2599.6,-1.1764705882352968,-1.176470588235301
2023-07-07,50.5,50.0,50.6,50.1,2941.6,-0.7920792079207893,-0.5952380952380931
2023-07-10,50.5,50.2,51.2,50.9,3345.3,0.7920792079207893,1.5968063872255467
2023-07-11,51.0,50.8,51.3,50.8,1927.9,-0.3921568627451036,-0.19646365422396617
2023-07-12,51.1,50.8,51.9,51.4,2295.6,0.5870841487279788,1.1811023622047223
2023-07-13,51.5,51.2,52.0,51.5,1894.0,0.0,0.1945525291828787
2023-07-14,51.8,51.0,51.8,51.4,2013.7,-0.7722007722007695,-0.1941747572815511
2023-07-17,51.6,51.4,53.1,52.9,4605.5,2.5193798449612346,2.9182879377431803
2023-07-18,53.0,52.6,53.1,52.7,2091.9,-0.5660377358490513,-0.3780718336483857
2023-07-19,52.9,52.1,52.9,52.1,1816.0,-1.5122873345935675,-1.1385199240986799
2023-07-20,52.1,51.6,52.5,52.0,1893.8,-0.19193857965451327,-0.19193857965451588
2023-07-21,52.0,51.6,52.3,52.1,2324.8,0.19230769230769504,0.19230769230769162
2023-07-24,52.2,51.8,52.6,52.0,2621.7,-0.38314176245211273,-0.19193857965451588
2023-07-25,52.1,51.5,52.2,51.5,3804.0,-1.151631477927066,-0.9615384615384581
2023-07-26,51.4,51.0,51.9,51.0,4119.7,-0.7782101167315147,-0.9708737864077666
2023-07-27,51.0,50.8,51.5,51.1,3932.5,0.1960784313725518,0.19607843137254832
2023-07-28,51.1,50.9,51.6,51.5,3550.2,0.782778864970643,0.7827788649706457
2023-08-03,58.3,58.1,59.5,58.2,7522.8,-0.1715265866209165,13.00970873786409
2023-08-07,63.3,62.4,63.9,63.9,8090.3,0.9478672985782014,9.793814432989677
2023-08-10,66.3,66.1,68.4,67.9,7897.7,2.4132730015083084,6.259780907668233
2023-09-28,45.2,44.1,45.3,45.0,6887.1,-0.44247787610620093,-33.726067746686304
2023-10-02,47.0,46.5,47.55,46.9,5084.8,-0.21276595744681154,4.222222222222216
2023-10-04,44.5,44.05,46.3,46.1,6718.3,3.595505617977531,-1.7057569296375252
2023-10-05,46.2,44.8,46.4,45.6,5358.2,-1.2987012987013018,-1.0845986984815648
2023-10-09,46.0,45.2,46.05,45.2,4889.7,-1.7391304347826024,-0.877192982456132
2023-10-10,45.6,44.9,46.15,44.9,5861.6,-1.5350877192982517,-0.6637168141592986
2023-10-11,45.05,45.0,45.45,45.45,3629.7,0.8879023307436309,1.2249443207126953
2023-10-12,46.0,45.8,47.3,46.5,7710.8,1.0869565217391304,2.310231023102305
2023-10-13,46.05,45.55,46.45,46.1,5057.9,0.1085776330076097,-0.8602150537634357
2023-10-16,46.05,45.0,46.05,45.0,4839.4,-2.280130293159603,-2.386117136659438
2023-10-17,45.0,44.0,45.15,44.0,4845.0,-2.2222222222222223,-2.2222222222222254
2023-10-19,43.8,42.4,43.9,43.2,5382.4,-1.3698630136986172,-1.8181818181818077
2023-10-20,43.0,41.85,43.35,43.35,5953.1,0.8139534883720964,0.3472222222222099
2023-10-23,43.35,42.6,43.4,43.4,4900.4,0.11534025374855168,0.11534025374855261
2023-10-24,43.2,42.9,43.5,43.45,2821.8,0.5787037037037037,0.11520737327190833
2023-10-25,44.2,43.85,45.3,44.7,6225.6,1.1312217194570136,2.8768699654775576
2023-10-30,41.3,39.75,41.55,41.5,6062.8,0.48426150121066064,-7.15883668903804
2023-10-31,41.05,40.45,41.55,40.5,5938.4,-1.3398294762484708,-2.409638554216864
2023-11-01,39.7,39.45,40.5,40.4,4618.9,1.7632241813601908,-0.24691358024692134
2023-11-02,40.5,39.65,41.5,41.45,6047.5,2.345679012345686,2.5990099009901124
2023-11-03,41.7,41.25,42.1,41.6,4094.9,-0.23980815347722165,0.3618817852834688
2023-11-06,41.95,41.65,42.3,42.1,4294.0,0.35756853396900734,1.2019230769230838
2023-11-07,41.8,41.25,42.15,42.05,4222.0,0.5980861244019139,-0.11876484560571221
2023-11-08,41.9,41.6,43.05,43.0,4749.5,2.625298329355612,2.2592152199762294
2023-11-09,44.0,44.0,45.55,45.4,7308.0,3.1818181818181785,5.581395348837215
2023-11-10,45.0,44.4,45.2,44.95,5103.2,-0.1111111111111048,-0.9911894273127664
2023-11-13,45.05,44.45,45.05,44.8,3953.8,-0.5549389567147615,-0.33370411568410807
2023-11-14,44.95,44.5,45.5,44.95,3845.1,0.0,0.33482142857144126
2023-11-15,45.4,44.9,45.6,45.4,6206.5,0.0,1.0011123470522687
2023-11-16,45.4,44.85,45.4,45.1,2341.3,-0.660792951541844,-0.6607929515418443
2023-11-20,40.9,40.9,42.8,42.7,4304.3,4.400977995110035,-5.3215077605321515
2023-11-21,43.05,42.05,43.15,42.6,2852.1,-1.045296167247377,-0.23419203747072626
2023-11-22,42.95,41.85,43.0,42.0,3797.8,-2.2118742724097853,-1.4084507042253502
2023-11-23,42.0,41.3,42.6,41.3,3301.6,-1.6666666666666736,-1.6666666666666718
2023-11-24,41.35,40.6,41.5,41.35,3524.6,0.0,0.1210653753026758
2023-11-27,41.3,41.3,42.2,41.85,2794.8,1.3317191283293082,1.2091898428053138
2023-11-28,41.85,41.6,42.5,42.4,2472.3,1.3142174432496945,1.3142174432496878
2023-11-29,42.4,42.3,42.65,42.55,2051.7,0.353773584905657,0.3537735849056478
2023-11-30,42.5,41.75,42.85,41.75,3466.4,-1.7647058823529411,-1.8801410105757865
2023-12-01,42.05,41.85,42.2,42.1,2301.7,0.11890606420928482,0.8383233532934131
2023-12-04,42.1,42.1,43.0,42.95,3571.3,2.0190023752969153,2.0190023752969077
2023-12-05,42.95,42.6,43.1,42.8,3626.7,-0.3492433061699783,-0.34924330616997734
2023-12-06,42.5,42.5,43.0,42.8,2341.2,0.7058823529411699,0.0
2023-12-07,42.8,41.9,43.2,42.8,4453.2,0.0,0.0
2023-12-08,42.6,42.55,43.05,42.95,2652.3,0.8215962441314587,0.3504672897196359
2023-12-11,43.25,43.25,44.35,44.05,5292.2,1.849710982658953,2.56111757857973
2023-12-12,44.05,44.0,44.4,44.25,2774.2,0.45402951191828117,0.4540295119182858
2023-12-13,44.1,43.2,44.35,43.9,3973.9,-0.45351473922903135,-0.7909604519774072
2023-12-14,43.95,43.5,44.05,43.8,3042.8,-0.34129692832765796,-0.2277904328018221
2023-12-15,43.7,43.1,43.95,43.7,6066.7,0.0,-0.22831050228309113
2023-12-18,43.7,43.05,43.95,43.2,2345.2,-1.1441647597254003,-1.1441647597253968
2023-12-19,43.3,42.3,43.3,43.2,2813.9,-0.23094688221707696,0.0
2023-12-20,42.95,42.85,43.45,43.25,1760.1,0.6984866123399235,0.11574074074074403
2023-12-21,43.0,42.8,43.3,43.2,1890.5,0.46511627906977404,-0.11560693641617936
2023-12-22,43.2,42.75,43.35,43.15,2001.1,-0.1157407407407506,-0.11574074074075513
2023-12-25,43.1,43.0,43.55,43.4,1977.5,0.6960556844547497,0.5793742757821629
2023-12-26,43.4,43.35,43.75,43.55,1763.7,0.34562211981566493,0.3456221198156584
2023-12-27,43.65,43.6,43.95,43.6,1848.5,-0.1145475372279431,0.11481056257176547
2023-12-28,43.6,43.6,44.6,44.45,4070.7,1.949541284403673,1.9495412844036775
2023-12-29,44.65,44.45,44.85,44.6,2168.9,-0.11198208286673497,0.3374578177727683
2024-01-02,44.95,44.0,44.95,44.0,2281.3,-2.113459399332598,-1.3452914798206317
2024-01-03,43.5,43.5,44.15,44.15,2275.1,1.494252873563215,0.3409090909090917
2024-01-04,44.15,43.8,44.35,44.15,2337.8,0.0,0.0
2024-01-05,44.15,43.9,44.2,44.1,1481.6,-0.11325028312570139,-0.11325028312569874
2024-01-08,44.45,44.1,44.75,44.35,2534.4,-0.2249718785151888,0.5668934240362855
2024-01-09,44.3,43.9,44.4,43.9,1604.8,-0.9029345372460464,-1.0146561443066582
2024-01-10,43.9,43.2,44.05,43.6,2675.7,-0.6833712984054605,-0.6833712984054552
2024-01-11,43.6,43.4,44.0,43.65,1666.1,0.11467889908256229,0.11467889908256534
2024-01-12,43.5,42.7,43.5,43.0,2966.6,-1.1494252873563218,-1.4891179839633395
2024-01-15,43.5,43.05,43.5,43.05,1456.3,-1.0344827586206962,0.11627906976743319
2024-01-16,43.0,42.85,43.25,43.15,1436.5,0.34883720930232226,0.23228803716608404
2024-01-17,43.15,42.95,43.45,43.2,1878.3,0.11587485515644094,0.11587485515645035
2024-01-18,43.0,43.0,43.5,43.35,1725.1,0.8139534883720964,0.3472222222222099
2024-01-19,43.35,43.15,43.45,43.3,2905.4,-0.11534025374856807,-0.11534025374856371
2024-01-29,42.65,42.4,42.7,42.65,1816.4,0.0,-1.501154734411081
2024-01-30,42.65,42.5,42.8,42.7,1332.9,0.11723329425557859,0.11723329425556983
2024-01-31,42.7,42.1,42.8,42.5,2738.9,-0.46838407494145856,-0.4683840749414636
2024-02-01,42.45,42.05,42.5,42.35,2196.1,-0.23557126030624595,-0.3529411764705892
2024-02-02,42.35,42.05,42.5,42.1,1981.5,-0.5903187721369539,-0.5903187721369552
2024-02-05,42.2,41.8,42.2,42.2,2692.4,0.0,0.23752969121140222
2024-02-06,42.25,41.9,42.35,42.3,1594.7,0.11834319526626547,0.23696682464453556
2024-02-07,42.3,42.0,42.4,42.4,1596.0,0.23640661938534616,0.23640661938535423
2024-02-15,42.5,42.2,42.8,42.55,1934.7,0.11764705882352272,0.3537735849056478
2024-02-16,42.55,42.5,44.15,43.95,4992.2,3.2902467685076515,3.290246768507643
2024-02-21,48.55,47.1,48.55,47.25,6649.0,-2.677651905252312,7.508532423208192
2024-02-22,47.25,47.0,47.7,47.6,4022.5,0.7407407407407437,0.7407407407407529
2024-02-26,45.35,44.3,45.75,44.6,5089.4,-1.65380374862183,-6.302521008403361
2024-02-27,44.8,44.35,45.65,45.15,4367.5,0.7812500000000033,1.2331838565022402
2024-02-28,45.9,45.25,46.4,45.6,3369.7,-0.653594771241824,0.9966777408637828
2024-02-29,46.0,45.0,46.15,45.0,4017.0,-2.1739130434782608,-1.3157894736842146
2024-03-01,45.0,44.85,45.6,45.25,2982.7,0.5555555555555556,0.5555555555555536
2024-03-04,45.3,45.15,45.75,45.25,3738.9,-0.11037527593818358,0.0
2024-03-05,45.2,45.0,45.45,45.3,3151.8,0.22123893805308475,0.11049723756906271
2024-03-06,45.3,45.2,46.85,45.6,3696.0,0.6622516556291486,0.6622516556291425
2024-03-07,42.4,42.4,45.85,45.6,2466.5,7.547169811320761,0.0
2024-03-08,46.0,44.8,46.0,44.8,3896.7,-2.6086956521739193,-1.7543859649122862
2024-03-11,44.9,44.35,45.25,44.35,3451.6,-1.2249443207126887,-1.0044642857142794
2024-03-12,44.35,44.05,44.6,44.15,2836.6,-0.45095828635851826,-0.450958286358516
2024-03-13,44.25,44.1,45.0,45.0,2238.6,1.694915254237288,1.925254813137034
2024-03-14,45.2,45.0,46.85,45.95,6021.4,1.65929203539823,2.111111111111108
2024-03-15,45.9,44.4,46.0,44.4,4813.4,-3.2679738562091507,-3.3732317736670403
2024-03-18,44.85,43.9,46.2,46.1,7732.7,2.787068004459309,3.8288288288288452
2024-03-19,46.2,45.6,47.3,47.0,7828.4,1.7316017316017254,1.9522776572667988
2024-03-20,46.8,45.8,47.0,46.5,4695.0,-0.641025641025635,-1.0638297872340385
2024-03-21,46.5,45.9,46.85,46.5,3525.8,0.0,0.0
2024-03-22,46.5,46.05,46.7,46.6,5198.4,0.21505376344086324,0.21505376344086446
2024-03-25,46.6,46.15,47.4,46.85,4738.5,0.5364806866952789,0.5364806866952732
2024-03-26,47.0,46.6,47.2,47.05,3479.0,0.1063829787233982,0.4268943436499306
2024-03-27,47.05,46.7,47.3,47.05,4203.1,0.0,0.0
2024-03-28,47.05,46.9,47.95,47.6,4639.1,1.168969181721582,1.1689691817215797
2024-03-29,47.85,47.3,47.9,47.65,3524.6,-0.41797283176594113,0.10504201680672232
2024-04-01,47.65,47.35,48.1,47.85,4451.8,0.4197271773347384,0.41972717733473885
2024-04-02,47.0,46.5,47.9,47.8,4818.0,1.7021276595744619,-0.10449320794149175
2024-04-03,47.5,47.2,47.85,47.75,4260.4,0.5263157894736842,-0.10460251046024993
2024-04-04,47.25,47.25,47.95,47.85,4122.1,1.2698412698412729,0.20942408376962707
2024-04-05,47.45,47.3,47.95,47.75,2404.2,0.6322444678609003,-0.2089864158829724
2024-04-08,48.0,47.35,48.0,47.7,2948.5,-0.624999999999994,-0.10471204188481353
2024-04-09,47.6,47.0,47.7,47.7,3502.3,0.21008403361344835,0.0
2024-04-10,47.7,47.65,48.65,48.5,5161.6,1.6771488469601616,1.6771488469601525
2024-04-11,48.25,47.75,48.55,48.3,3397.9,0.10362694300517547,-0.4123711340206282
2024-04-12,48.35,48.15,48.7,48.45,3009.6,0.20682523267838968,0.31055900621119736
2024-04-15,48.0,46.0,48.05,47.0,5597.2,-2.083333333333333,-2.9927760577915463
2024-04-16,47.0,44.65,47.0,46.4,4793.2,-1.276595744680854,-1.276595744680853
2024-04-17,46.5,44.5,46.5,45.0,3009.6,-3.225806451612903,-3.0172413793103425
2024-04-19,43.6,42.6,44.0,42.6,3674.4,-2.2935779816513757,-5.333333333333334
2024-04-22,42.65,41.75,43.0,42.0,3217.6,-1.5240328253223883,-1.4084507042253502
2024-04-23,42.45,41.0,42.45,41.0,2696.1,-3.4157832744405243,-2.3809523809523836
2024-04-24,41.1,41.1,41.95,41.6,1583.3,1.21654501216545,1.4634146341463428
2024-04-25,41.7,41.3,42.35,42.0,1517.5,0.7194244604316478,0.9615384615384581
2024-04-26,41.95,41.9,44.45,44.45,2697.7,5.959475566150179,5.833333333333335
2024-05-02,43.8,43.6,44.4,44.4,1596.5,1.3698630136986336,-0.11248593925760053
2024-05-08,44.8,44.6,45.4,45.4,1713.4,1.3392857142857175,2.2522522522522515
2024-05-09,45.4,45.05,46.0,45.4,1415.4,0.0,0.0
2024-05-14,48.1,46.05,48.1,46.05,5263.9,-4.261954261954271,1.4317180616740144
2024-05-15,46.2,46.0,46.75,46.35,1357.8,0.32467532467532156,0.6514657980456029
2024-05-16,46.6,46.2,47.15,46.75,2782.5,0.3218884120171643,0.8629989212513456
2024-05-17,46.75,46.25,46.9,46.85,2168.2,0.21390374331551107,0.21390374331551332
2024-05-20,47.0,46.35,47.55,46.7,3224.9,-0.6382978723404196,-0.32017075773745907
2024-05-21,47.0,46.45,47.7,46.45,3335.5,-1.1702127659574406,-0.5353319057815886
2024-05-22,46.35,45.5,46.85,45.5,3149.3,-1.8338727076591184,-2.0452099031216475
2024-05-23,45.25,44.75,45.9,45.55,2649.7,0.6629834254143584,0.1098901098901095
2024-05-24,45.15,44.15,45.6,44.95,3715.4,-0.44296788482834054,-1.3172338090010838
2024-05-27,44.95,44.45,45.25,45.05,1713.0,0.22246941045604962,0.22246941045604984
2024-05-28,45.0,44.45,45.25,45.05,2253.6,0.1111111111111048,0.0
2024-05-29,45.05,44.25,45.2,44.4,2583.1,-1.4428412874583765,-1.442841287458374
2024-05-30,44.4,43.15,44.5,43.15,2387.0,-2.815315315315315,-2.8153153153153143
2024-05-31,43.5,43.3,44.6,43.55,1663.2,0.11494252873562566,0.9269988412514474
2024-06-03,43.8,43.8,44.6,43.95,1537.0,0.3424657534246705,0.9184845005740572
2024-06-04,44.3,44.0,44.55,44.1,1463.5,-0.4514672686230152,0.34129692832765013
2024-06-05,44.1,44.1,44.75,44.2,1611.4,0.22675736961451567,0.22675736961450532
2024-06-06,44.3,43.7,44.35,43.7,1823.5,-1.354401805869062,-1.1312217194570096
2024-06-07,43.9,43.25,44.0,43.5,1681.7,-0.9111617312072862,-0.4576659038901698
2024-06-10,43.5,43.4,43.9,43.45,1582.4,-0.11494252873562566,-0.11494252873562871
2024-06-11,43.3,42.55,43.45,43.2,4835.0,-0.23094688221707696,-0.5753739930955071
2024-06-12,42.8,42.5,43.5,43.3,2292.5,1.1682242990654208,0.23148148148146586
2024-06-13,43.3,42.9,43.5,43.2,2144.0,-0.23094688221707696,-0.2309468822170757
2024-06-14,43.2,42.0,43.25,42.0,2718.4,-2.7777777777777843,-2.777777777777779
2024-06-17,42.6,42.0,42.95,42.0,2059.7,-1.4084507042253553,0.0
2024-06-18,42.3,42.1,42.95,42.1,1832.4,-0.4728132387706755,0.23809523809523725
2024-06-19,42.35,41.45,42.45,41.5,3271.2,-2.0070838252656467,-1.4251781472684133
2024-06-20,41.55,41.35,41.8,41.45,2357.1,-0.24067388688325952,-0.12048192771083599
2024-06-21,41.45,41.15,41.65,41.65,2683.9,0.4825090470446217,0.4825090470446325
2024-06-24,41.65,41.1,42.3,41.1,2804.5,-1.3205282112845071,-1.3205282112845107
2024-06-25,41.15,41.15,42.0,41.2,1597.2,0.12150668286756806,0.24330900243310083
2024-06-26,41.3,41.15,41.7,41.2,1918.5,-0.24213075060531314,0.0
2024-06-27,41.1,41.0,41.4,41.0,1312.1,-0.24330900243309345,-0.4854368932038944
2024-06-28,41.1,40.9,41.35,41.2,1785.0,0.24330900243309345,0.4878048780487809
2024-07-01,41.4,41.05,41.4,41.35,903.3,-0.12077294685989652,0.364077669902918
2024-07-02,41.4,41.3,41.7,41.6,1493.4,0.48309178743962045,0.6045949214026569
2024-07-03,41.6,41.25,41.65,41.35,1138.0,-0.6009615384615384,-0.6009615384615419
2024-07-04,41.5,41.3,41.7,41.4,1214.3,-0.24096385542169016,0.12091898428052694
2024-07-05,41.4,41.1,41.45,41.4,1445.4,0.0,0.0
2024-07-08,41.4,40.35,41.4,40.4,3503.6,-2.4154589371980677,-2.4154589371980673
2024-07-09,40.5,40.15,40.95,40.8,2286.7,0.7407407407407337,0.990099009900991
2024-07-10,40.95,40.6,40.95,40.6,1235.4,-0.8547008547008581,-0.4901960784313597
2024-07-11,40.9,40.7,41.75,41.1,2747.0,0.48899755501223185,1.2315270935960632
2024-07-12,41.7,41.65,42.8,41.75,3312.0,0.11990407673860229,1.5815085158150888
2024-07-15,41.75,41.3,42.25,41.35,966.9,-0.9580838323353259,-0.9580838323353214
2024-07-16,41.35,40.7,41.7,41.05,1863.4,-0.7255139056832025,-0.7255139056832061
2024-07-17,41.0,40.15,41.0,40.6,2651.0,-0.9756097560975575,-1.0962241169305664
2024-07-18,40.6,40.15,40.6,40.55,2142.3,-0.1231527093596164,-0.12315270935961964
2024-07-19,40.7,40.3,41.1,40.75,1748.0,0.12285012285011586,0.4932182490752224
2024-07-22,40.75,40.2,41.0,40.75,1776.0,0.0,0.0
2024-07-23,40.75,40.4,40.85,40.85,1446.3,0.24539877300613847,0.24539877300613355
2024-07-24,40.8,40.45,41.0,40.9,1657.4,0.2450980392156898,0.1223990208078174
2024-07-25,41.3,40.85,42.6,41.6,4336.2,0.726392251815991,1.7114914425427896
2024-07-26,41.9,41.25,42.15,41.6,1376.6,-0.7159904534606137,0.0
2024-07-29,41.6,40.75,41.6,41.6,2665.1,0.0,0.0
2024-07-30,41.95,41.0,42.2,42.2,2426.2,0.5959475566150179,1.4423076923076872
2024-07-31,42.3,41.55,42.3,42.3,2598.5,0.0,0.23696682464453556
2024-08-01,42.1,41.5,42.3,42.1,3279.2,0.0,-0.47281323877067516
2024-08-02,42.15,40.8,42.2,42.0,2214.6,-0.3558718861209931,-0.23752969121140222
2024-08-05,41.0,40.4,41.65,41.3,3942.8,0.7317073170731638,-1.6666666666666718
2024-08-06,41.5,40.55,41.55,41.3,1722.3,-0.4819277108433803,0.0
2024-08-07,41.8,41.75,43.5,42.35,5315.5,1.3157894736842208,2.5423728813559476
2024-08-08,42.05,41.65,42.2,41.8,1543.0,-0.5945303210463734,-1.2987012987013102
2024-08-09,41.8,41.2,41.95,41.2,2266.9,-1.4354066985645797,-1.4354066985645786
2024-08-12,41.1,40.6,41.2,40.6,1806.7,-1.21654501216545,-1.4563106796116498
2024-08-13,40.65,40.65,41.2,40.7,1399.6,0.12300123001231063,0.24630541871921707
2024-08-14,40.75,40.75,41.2,40.8,1377.4,0.1226993865030605,0.24570024570023108
2024-08-15,41.0,40.8,41.15,40.8,1213.5,-0.4878048780487874,0.0
2024-08-16,40.9,40.9,41.6,41.15,2307.0,0.6112469437652812,0.8578431372548989
2024-08-19,41.3,41.05,41.55,41.15,1644.9,-0.3631961259079869,0.0
2024-08-20,41.15,41.0,42.2,41.7,3036.5,1.3365735115431452,1.3365735115431487
2024-08-21,41.6,41.5,42.0,41.85,1664.5,0.6009615384615384,0.3597122302158251
2024-08-22,41.85,41.55,42.35,41.55,2379.5,-0.7168458781362108,-0.7168458781362075
2024-08-23,41.6,41.55,42.0,41.55,1748.5,-0.12019230769231794,0.0
2024-08-26,41.65,41.65,42.35,42.15,2497.5,1.2004801920768309,1.4440433212996373
2024-08-28,45.5,44.4,46.1,44.4,4933.5,-2.417582417582421,5.3380782918149405
2024-08-29,44.25,44.05,44.8,44.2,3209.9,-0.11299435028247946,-0.45045045045044585
2024-08-30,44.55,44.2,45.2,44.2,3398.5,-0.7856341189674395,0.0
2024-09-04,43.6,43.3,44.3,44.0,3198.7,0.9174311926605472,-0.4524886877828149
2024-09-05,44.55,44.4,45.95,45.05,4519.5,1.122334455667789,2.38636363636362
2024-09-06,45.35,44.6,45.35,44.65,2501.9,-1.5435501653803811,-0.8879023307436174
2024-09-09,44.2,43.45,44.5,43.7,4810.7,-1.1312217194570136,-2.127659574468077
2024-09-10,43.7,42.6,43.9,43.0,4601.8,-1.601830663615567,-1.6018306636155666
2024-09-11,42.65,42.1,43.0,43.0,3098.2,0.8206330597889835,0.0
2024-09-12,43.05,42.55,43.25,42.9,2166.6,-0.3484320557491256,-0.23255813953488857
2024-09-13,42.9,42.5,42.95,42.9,1526.3,0.0,0.0
2024-09-16,42.7,42.05,43.6,42.05,2005.2,-1.5222482435597322,-1.9813519813519864
2024-09-17,42.05,42.05,43.2,42.9,2237.7,2.021403091557673,2.021403091557672
2024-09-18,42.9,42.65,43.3,42.65,2746.9,-0.5827505827505828,-0.5827505827505797
2024-09-19,42.8,42.7,43.2,42.9,2240.0,0.23364485981308744,0.5861664712778492
2024-09-20,43.0,42.3,43.65,42.3,3926.5,-1.6279069767441927,-1.3986013986014068
2024-09-23,42.9,42.35,42.9,42.35,1713.4,-1.2820512820512755,0.11820330969267712
2024-09-24,42.4,42.35,42.65,42.55,1438.7,0.353773584905657,0.47225501770955525
2024-09-25,42.75,42.45,42.9,42.6,3721.1,-0.3508771929824528,0.1175088131609936
2024-09-26,42.6,42.6,43.05,42.6,2768.5,0.0,0.0
2024-09-27,42.9,42.45,42.9,42.5,2740.7,-0.9324009324009291,-0.23474178403756207
2024-09-30,42.4,42.0,42.6,42.0,2924.3,-0.943396226415091,-1.17647058823529
2024-10-01,42.05,42.05,42.75,42.3,1914.6,0.5945303210463734,0.7142857142857117
2024-10-02,42.35,42.05,42.4,42.05,1527.2,-0.7083825265643549,-0.5910165484633523
2024-10-03,42.1,41.35,42.45,41.35,3460.4,-1.7814726840855106,-1.6646848989298357
2024-10-04,41.35,40.9,41.35,41.0,2144.7,-0.8464328899637277,-0.846432889963733
2024-10-07,41.1,40.85,41.55,40.85,1652.4,-0.608272506082725,-0.3658536585365857
2024-10-08,41.05,40.6,41.05,40.9,2648.7,-0.36540803897685403,0.1223990208078174
2024-10-09,41.05,41.0,41.6,41.6,1210.8,1.339829476248488,1.7114914425427896
2024-10-10,41.6,41.3,41.65,41.4,1471.2,-0.48076923076923755,-0.48076923076924016
2024-10-11,41.4,41.35,41.95,41.8,1709.8,0.9661835748792237,0.9661835748792313
2024-10-14,42.5,42.15,43.4,42.15,4264.9,-0.8235294117647093,0.837320574162681
2024-10-15,42.25,41.55,42.5,41.65,1847.0,-1.4201183431952698,-1.1862396204033177
