tradeDate,Open,Low,High,Close,Volume
2020-01-02,114.4,114.2,115.0,115.0,4402.8
2020-01-03,115.0,114.3,115.3,115.3,2489.4
2020-01-06,115.0,114.4,115.0,114.5,3019.1
2020-01-07,114.5,114.3,115.0,114.7,1839.1
2020-01-08,114.5,113.6,114.7,114.3,4689.1
2020-01-09,114.3,114.2,115.1,114.7,2738.7
2020-01-10,115.0,114.7,115.0,114.8,1591.2
2020-01-13,114.7,114.5,115.1,114.9,1466.8
2020-01-14,115.1,114.3,115.1,115.0,1011.5
2020-01-15,115.0,114.3,115.0,115.0,2056.0
2020-01-16,115.0,114.3,115.0,115.0,1867.4
2020-01-17,115.0,114.4,115.1,114.9,1691.0
2020-01-20,114.9,114.3,114.9,114.9,3706.7
2020-01-21,114.3,114.3,115.0,114.9,1815.1
2020-01-22,114.9,114.2,114.9,114.9,3717.8
2020-01-23,114.9,114.9,114.9,114.9,371.78
2020-01-24,114.9,114.9,114.9,114.9,371.78
2020-01-27,114.9,114.9,114.9,114.9,371.78
2020-01-28,114.9,114.9,114.9,114.9,371.78
2020-01-29,114.9,114.9,114.9,114.9,371.78
2020-01-30,114.1,112.5,114.9,114.9,6827.2
2020-01-31,114.9,113.6,114.9,114.8,8317.4
2020-02-03,113.8,112.3,114.8,114.8,7604.2
2020-02-04,113.6,111.8,114.8,114.8,14855.0
2020-02-05,114.8,113.0,114.8,114.5,4684.2
2020-02-06,114.5,112.8,114.7,114.4,6762.9
2020-02-07,114.0,112.0,114.4,114.4,12955.2
2020-02-10,113.0,113.0,114.1,113.7,1927.0
2020-02-11,113.5,113.0,114.2,113.4,2906.3
2020-02-12,113.0,112.0,113.4,112.0,4527.9
2020-02-13,111.5,111.4,112.7,112.4,2853.4
2020-02-14,112.3,109.8,112.6,110.0,2523.9
2020-02-17,110.0,105.0,110.0,108.0,7422.2
2020-02-18,107.0,104.0,107.0,104.5,7918.7
2020-02-19,103.5,103.5,107.0,105.0,8753.2
2020-02-20,105.0,105.0,110.0,110.0,3535.7
2020-02-21,108.6,107.8,110.0,109.9,3090.6
2020-02-24,107.1,105.5,108.0,107.3,14286.5
2020-02-25,106.7,106.0,107.3,107.0,5438.2
2020-02-26,104.0,104.0,106.6,105.9,6254.1
2020-02-27,105.2,104.6,105.9,105.6,740.42
2020-02-28,105.0,103.0,105.4,105.4,8708.4
2020-03-02,104.0,102.7,105.4,105.4,7421.3
2020-03-03,105.1,104.5,105.6,105.5,5579.5
2020-03-04,104.6,103.5,105.5,105.5,4438.1
2020-03-05,105.1,103.8,105.9,105.6,3523.0
2020-03-06,105.0,103.1,105.0,105.0,7508.3
2020-03-09,101.5,97.7,102.0,97.7,9668.9
2020-03-10,93.0,91.2,99.2,97.7,8254.9
2020-03-11,98.0,91.1,98.0,97.0,10495.8
2020-03-13,86.0,85.4,92.5,92.5,12268.8
2020-03-16,92.0,86.6,92.5,92.5,9713.4
2020-03-17,89.5,87.6,92.3,88.5,6813.3
2020-03-19,86.9,83.1,88.7,88.7,11036.8
2020-03-20,88.7,82.5,88.7,82.5,10834.8
2020-03-23,78.0,76.8,78.3,76.8,6781.6
2020-03-24,71.8,71.5,75.0,71.5,14740.5
2020-03-25,66.5,66.5,76.5,76.5,14015.7
2020-03-26,77.6,75.6,81.8,81.8,12422.5
2020-03-27,82.0,79.5,87.4,86.8,11493.1
2020-03-30,80.8,80.8,82.0,81.4,8812.4
2020-03-31,81.4,80.4,87.0,83.4,12964.5
2020-04-01,82.5,81.0,87.0,86.0,4378.2
2020-04-02,86.0,86.0,86.0,86.0,437.82
2020-04-03,86.0,86.0,91.0,91.0,11845.0
2020-04-06,92.0,91.3,97.3,97.3,26982.6
2020-04-07,97.6,93.0,100.5,97.3,28557.0
2020-04-08,94.4,94.0,97.0,94.0,7601.2
2020-04-09,94.2,93.8,97.3,96.0,15606.1
2020-04-10,96.0,93.7,96.8,95.0,9831.2
2020-04-13,95.0,94.9,96.0,96.0,14115.5
2020-04-14,96.5,94.5,96.5,95.6,6316.3
2020-04-15,95.6,95.0,96.0,96.0,11768.5
2020-04-16,96.0,94.7,96.0,95.9,8455.8
2020-04-17,95.1,89.2,96.1,96.1,11915.1
2020-04-20,82.5,82.5,96.4,96.2,10834.8
2020-04-21,95.5,92.5,95.5,93.0,8922.7
2020-04-22,92.0,90.5,92.8,92.5,8840.7
2020-04-23,93.0,92.7,94.9,93.0,3474.2
2020-04-24,93.0,92.4,93.9,93.0,3002.4
2020-04-27,96.4,92.0,96.4,92.0,4537.2
2020-04-29,92.4,90.5,93.4,91.9,3144.0
2020-04-30,91.9,91.9,91.9,91.9,314.4
2020-05-01,91.9,91.9,91.9,91.9,314.4
2020-05-04,91.9,90.0,92.5,91.8,2595.5
2020-05-05,91.8,91.8,93.0,92.7,2747.0
2020-05-06,92.6,92.5,95.0,95.0,7735.7
2020-05-07,95.0,94.0,96.0,96.0,6178.0
2020-05-08,96.5,96.1,100.0,97.5,16839.6
2020-05-11,98.0,95.9,98.0,97.5,13589.2
2020-05-12,97.4,95.0,97.4,97.0,7700.3
2020-05-13,97.0,91.5,97.0,95.0,26525.3
2020-05-14,95.0,93.9,96.6,96.0,10028.1
2020-05-15,96.0,95.9,97.5,97.0,3276.5
2020-05-19,97.1,96.0,97.4,96.5,7298.5
2020-05-20,96.4,96.1,97.0,96.6,2547.3
2020-05-21,97.0,96.9,98.0,98.0,6743.8
2020-05-22,98.0,96.4,98.0,96.4,2929.3
2020-05-25,96.2,96.0,97.5,97.1,2164.0
2020-05-26,97.0,96.4,97.5,96.9,3600.0
2020-05-27,96.9,96.5,97.9,96.9,5914.4
2020-05-28,96.9,96.3,97.5,97.0,3147.9
2020-05-29,97.0,96.6,97.5,97.0,4935.0
2020-06-01,97.0,96.5,97.2,97.2,4814.9
2020-06-02,97.4,96.5,97.4,96.7,5017.0
2020-06-03,96.5,95.5,96.8,96.8,4664.3
2020-06-04,96.8,96.0,96.8,96.0,5507.4
2020-06-08,95.2,95.2,97.6,96.0,4821.8
2020-06-09,97.0,96.0,97.0,96.0,3184.0
2020-06-10,96.2,95.4,96.2,95.6,4884.9
2020-06-12,90.0,89.9,92.5,91.8,8759.4
2020-06-15,92.8,89.0,92.8,89.0,7917.1
2020-06-16,91.5,89.9,94.8,93.4,6584.8
2020-06-17,93.0,90.5,93.4,91.9,3808.8
2020-06-18,91.9,90.9,92.5,91.0,3128.5
2020-06-19,91.0,91.0,97.3,97.3,18401.0
2020-06-22,97.0,95.2,97.0,96.9,5080.2
2020-06-23,96.2,94.2,96.3,94.2,4326.3
2020-06-24,94.5,94.0,95.1,94.7,2143.2
2020-06-26,93.5,91.5,94.4,91.5,2222.4
2020-06-29,91.5,89.0,91.9,89.0,3593.7
2020-07-01,90.5,89.0,91.5,91.0,920.6
2020-07-02,90.6,89.5,91.0,89.9,4207.0
2020-07-06,90.3,90.2,91.9,91.4,2840.2
2020-07-07,91.5,91.0,92.1,91.0,3368.6
2020-07-08,90.8,90.1,91.5,90.8,1874.5
2020-07-09,90.8,90.7,91.8,91.0,3997.1
2020-07-13,91.5,91.0,91.6,91.3,3498.1
2020-07-14,91.3,90.2,91.8,91.3,3409.9
2020-07-15,91.7,90.5,91.7,90.5,3842.4
2020-07-16,90.9,90.6,93.0,93.0,3280.5
2020-07-17,91.5,91.0,92.0,91.5,2145.3
2020-07-20,91.0,90.2,91.4,90.2,2224.0
2020-07-21,91.2,90.2,91.2,90.2,2206.6
2020-07-22,90.0,89.8,91.0,89.8,2021.1
2020-07-23,90.0,89.5,90.3,90.0,1816.8
2020-07-24,89.9,85.1,90.0,88.0,6744.3
2020-07-27,83.9,82.9,86.0,85.0,8250.8
2020-07-28,85.0,80.0,87.0,85.2,5343.0
2020-07-29,84.0,83.0,85.0,83.5,3793.7
2020-07-30,83.5,83.5,85.5,85.1,2420.3
2020-07-31,84.0,83.8,90.0,87.5,9390.4
2020-08-03,87.0,85.0,88.1,87.6,1643.1
2020-08-04,88.7,87.4,88.7,88.0,2292.3
2020-08-05,88.0,84.8,88.5,87.0,4344.9
2020-08-06,88.0,87.1,88.2,87.5,3323.4
2020-08-07,87.6,87.3,88.2,87.5,1825.0
2020-08-10,88.0,87.4,89.9,88.2,5425.5
2020-08-11,89.2,87.5,89.2,87.5,2153.3
2020-08-12,87.5,87.4,88.5,87.4,3023.3
2020-08-13,88.0,87.5,89.0,88.0,4586.8
2020-08-14,88.0,87.4,89.0,87.4,6540.7
2020-08-17,87.0,86.8,88.5,87.7,3762.0
2020-08-18,87.3,86.2,87.7,86.5,7726.7
2020-08-19,86.5,86.5,87.6,86.5,3471.4
2020-08-20,86.6,86.0,87.2,86.0,9902.2
2020-08-21,86.0,85.9,86.9,86.1,3767.9
2020-08-24,86.5,86.5,89.0,89.0,10528.4
2020-08-26,90.8,90.0,91.2,91.0,5472.8
2020-08-27,90.1,90.1,91.0,91.0,4379.5
2020-08-28,91.3,89.9,92.3,89.9,6360.2
2020-08-31,90.0,90.0,91.5,90.0,2765.8
2020-09-01,90.2,89.9,94.0,92.7,6753.1
2020-09-03,95.2,92.7,95.5,94.5,10370.8
2020-09-04,94.5,93.4,95.5,94.0,8259.6
2020-09-07,94.0,91.5,95.3,91.5,4654.0
2020-09-08,91.6,90.5,92.5,90.5,6222.9
2020-09-09,90.4,89.5,92.4,90.5,8658.8
2020-09-10,91.0,90.5,92.5,90.5,4211.6
2020-09-11,90.0,89.9,92.3,91.1,4113.5
2020-09-14,91.3,91.2,93.6,93.1,6089.3
2020-09-15,93.2,93.2,95.0,95.0,9835.6
2020-09-17,93.1,93.1,95.5,94.0,8338.7
2020-09-21,94.0,94.0,96.0,96.0,5718.6
2020-09-22,96.0,94.6,96.2,94.6,5052.3
2020-09-23,95.0,94.5,95.7,94.5,1118.3
2020-09-24,93.8,93.0,95.5,93.0,3889.4
2020-09-25,94.5,92.8,94.8,92.8,4122.1
2020-09-28,93.6,92.8,94.1,92.8,2028.4
2020-09-29,94.0,91.5,94.0,91.5,3944.9
2020-09-30,91.5,91.5,93.4,91.5,4173.6
2020-10-01,92.7,91.9,93.4,92.5,6753.1
2020-10-02,92.5,92.3,94.0,94.0,4007.7
2020-10-05,94.0,92.0,94.0,93.3,904.5
2020-10-06,93.3,91.8,93.3,91.8,5211.9
2020-10-07,91.5,91.0,93.5,92.5,3815.2
2020-10-08,92.0,91.5,92.9,92.3,2169.9
2020-10-09,92.3,92.3,93.7,93.6,3095.8
2020-10-12,93.6,92.5,94.0,93.9,3262.9
2020-10-13,93.9,93.4,94.1,94.1,2719.9
2020-10-14,94.1,94.0,95.0,95.0,3892.6
2020-10-15,94.5,94.3,97.5,97.5,13585.8
2020-10-16,98.1,96.9,98.1,97.6,5965.9
2020-10-19,97.5,97.5,97.9,97.7,3705.9
2020-10-20,97.4,95.8,97.9,97.8,5112.5
2020-10-21,97.8,96.7,97.9,97.3,1720.1
2020-10-22,97.0,96.8,100.1,100.1,6216.1
2020-10-23,100.0,100.0,104.9,104.0,17610.8
2020-10-26,109.0,105.0,109.4,105.1,9747.2
2020-10-27,106.0,104.0,107.1,105.7,8040.2
2020-10-28,105.7,100.0,107.0,100.2,11848.9
2020-10-29,100.2,100.0,103.0,100.7,13277.8
2020-10-30,101.5,100.7,106.5,106.5,9724.0
2020-11-03,107.0,104.4,107.0,104.4,7510.7
2020-11-04,104.3,103.0,104.4,103.5,4953.4
2020-11-05,104.2,104.0,106.9,104.5,7898.6
2020-11-10,106.7,105.6,107.0,105.6,7819.8
2020-11-11,105.6,103.4,106.0,105.8,10327.8
2020-11-12,105.8,105.0,106.8,106.8,6826.6
2020-11-13,106.8,106.1,108.0,107.4,5353.5
2020-11-16,107.4,102.0,108.5,102.0,17818.0
2020-11-17,103.0,102.2,106.0,106.0,8623.2
2020-11-18,105.9,103.0,105.9,104.9,7512.7
2020-11-19,104.8,103.0,104.8,104.0,11927.0
2020-11-20,104.5,103.4,104.5,103.8,5338.4
2020-11-23,104.0,103.1,105.1,103.8,7356.5
2020-11-24,103.9,103.1,104.9,104.0,8122.2
2020-11-25,104.1,104.1,106.2,105.6,12224.9
2020-11-26,105.0,104.5,106.2,106.1,5454.5
2020-11-27,106.0,104.8,106.1,105.2,7208.3
2020-12-01,103.0,102.8,105.0,105.0,9532.3
2020-12-02,104.9,104.2,105.5,105.0,4979.1
2020-12-03,105.0,104.3,105.8,105.8,7317.5
2020-12-04,105.8,104.5,106.5,105.8,7970.6
2020-12-07,105.8,105.1,106.0,105.8,6786.6
2020-12-08,105.8,104.8,105.8,105.0,7472.8
2020-12-09,105.0,104.4,106.0,106.0,7897.9
2020-12-10,105.6,104.9,106.9,104.9,9795.5
2020-12-11,104.9,104.9,106.8,106.8,5693.6
2020-12-14,106.7,105.5,108.9,108.9,11223.8
2020-12-15,108.9,106.8,108.9,107.0,12057.0
2020-12-16,106.8,105.9,107.1,107.0,7562.0
2020-12-17,107.0,104.7,107.0,104.7,13525.8
2020-12-18,104.7,104.5,106.1,104.7,13507.8
2020-12-21,104.7,104.7,106.4,106.4,5871.0
2020-12-22,106.0,105.3,107.0,105.7,5183.2
2020-12-23,105.7,105.5,107.0,105.7,7014.3
2020-12-24,107.0,104.1,107.0,105.7,8314.4
2020-12-25,105.7,105.0,106.4,105.9,3703.0
2020-12-28,105.9,105.4,106.6,105.9,7117.1
2020-12-29,106.2,105.8,106.6,106.5,6123.6
2020-12-30,106.7,106.7,109.6,108.5,15289.5
2020-12-31,108.5,105.5,109.3,108.2,6560.4
2021-01-04,108.2,106.5,109.0,108.0,991.1
2021-01-05,107.2,107.2,109.9,109.7,1192.2
2021-01-06,110.0,108.9,110.5,110.2,1283.0
2021-01-07,110.4,109.2,111.0,110.1,862.3
2021-01-08,110.1,110.1,112.6,111.8,1348.7
2021-01-11,112.9,112.8,114.6,113.8,1536.7
2021-01-12,116.0,113.8,116.0,114.4,981.1
2021-01-13,114.4,111.1,114.5,111.1,1237.9
2021-01-14,111.5,110.0,112.2,110.4,1439.1
2021-01-15,110.7,109.8,111.9,111.2,1238.0
2021-01-18,112.0,110.1,112.0,110.3,826.9
2021-01-19,110.3,102.6,110.3,102.7,1367.6
2021-01-20,103.0,102.5,105.0,103.3,1875.5
2021-01-21,105.0,103.0,105.2,105.1,1564.6
2021-01-22,105.4,105.0,106.4,105.0,1094.2
2021-01-25,105.0,104.1,105.8,104.8,827.3
2021-01-26,104.8,100.0,104.8,101.5,1028.6
2021-01-27,101.5,99.5,102.8,100.0,1488.9
2021-01-28,94.3,93.0,96.0,93.0,1742.9
2021-01-29,92.5,92.5,99.5,99.4,1692.8
2021-02-01,99.4,98.8,103.0,99.0,1340.0
2021-02-02,99.3,99.0,105.9,105.9,1771.2
2021-02-03,105.1,105.1,108.0,107.5,1698.9
2021-02-04,107.4,102.0,107.5,105.0,1022.4
2021-02-05,105.0,105.0,107.5,107.5,922.9
2021-02-08,107.5,101.0,107.5,101.0,3422.5
2021-02-09,104.0,101.5,106.5,106.2,1758.0
2021-02-17,106.3,106.3,108.0,108.0,1253.6
2021-02-18,107.5,106.4,110.0,110.0,1434.4
2021-02-19,107.6,107.1,109.5,109.0,1433.2
2021-02-22,109.2,107.0,110.7,109.7,1481.0
2021-02-23,108.3,107.5,111.7,110.0,1393.9
2021-02-24,111.4,106.4,111.4,108.2,950.1
2021-02-25,109.5,106.1,109.9,108.9,1013.5
2021-02-26,106.2,106.2,109.9,109.0,926.8
2021-03-01,109.0,108.0,109.4,108.5,777.7
2021-03-02,108.5,106.5,109.0,108.2,926.3
2021-03-03,106.5,106.5,108.2,106.9,1075.3
2021-03-04,107.6,106.8,107.8,106.8,1671.0
2021-03-05,106.9,106.0,107.5,106.3,1294.8
2021-03-08,106.5,105.2,106.6,106.0,1390.1
2021-03-09,105.0,102.3,106.0,104.3,1587.6
2021-03-10,104.5,102.7,106.0,105.8,576.1
2021-03-11,106.0,105.6,107.9,105.9,1108.7
2021-03-12,105.9,105.3,106.5,105.9,1122.3
2021-03-15,105.9,105.4,106.2,106.0,2632.1
2021-03-16,106.0,104.9,106.0,105.4,1360.6
2021-03-17,105.0,104.0,105.3,104.7,1260.4
2021-03-18,105.5,105.2,106.6,106.6,1473.9
2021-03-19,105.6,105.6,108.4,108.4,1625.7
2021-03-22,108.4,104.5,108.4,107.3,973.8
2021-03-23,106.0,105.2,107.0,106.5,1034.7
2021-03-24,105.5,104.0,108.0,107.9,1104.1
2021-03-25,107.2,107.2,112.3,110.4,4322.0
2021-03-26,113.3,111.0,113.3,112.4,2927.8
2021-03-29,112.5,112.3,113.5,112.8,3140.9
2021-03-30,112.8,112.0,118.6,117.0,5179.6
2021-03-31,117.5,117.0,119.5,117.9,2823.6
2021-04-01,118.5,117.0,124.0,123.0,2230.9
2021-04-02,123.9,121.8,123.9,123.0,2255.5
2021-04-05,124.1,123.2,126.2,124.3,2249.0
2021-04-06,124.3,124.3,129.5,127.0,1979.4
2021-04-07,127.0,125.9,128.0,127.7,1698.5
2021-04-08,128.4,124.0,128.4,125.4,1509.2
2021-04-09,124.5,123.5,125.4,124.9,1755.5
2021-04-12,105.9,105.9,132.8,132.0,3481.9
2021-04-13,139.0,136.0,141.2,140.7,5052.9
2021-04-14,140.0,138.5,141.8,140.0,4102.6
2021-04-15,139.9,139.9,144.8,140.9,3419.0
2021-04-16,140.9,140.1,144.0,143.0,2988.0
2021-04-19,142.1,141.1,144.2,144.0,2820.3
2021-04-20,144.0,143.0,145.9,143.1,3108.2
2021-04-22,107.3,107.3,142.9,138.8,3319.5
2021-04-23,139.0,133.3,139.5,138.3,4410.0
2021-04-26,139.0,131.0,139.5,131.5,2434.5
2021-04-27,131.5,131.5,133.0,132.1,1631.7
2021-04-28,132.1,129.8,133.2,131.5,1613.3
2021-04-29,131.9,130.7,133.0,131.0,2181.1
2021-05-03,114.4,114.4,114.4,114.4,10869.2
2021-05-04,130.6,126.9,134.9,133.6,1732.6
2021-05-05,133.6,133.6,135.8,133.7,1268.6
2021-05-06,133.7,131.0,134.0,132.5,1064.2
2021-05-07,132.0,128.7,132.0,132.0,1769.1
2021-05-10,132.0,129.2,132.5,132.5,1099.3
2021-05-11,132.5,130.5,133.4,131.0,1164.2
2021-05-12,130.0,128.0,131.0,129.8,1390.4
2021-05-13,128.0,126.5,130.0,126.5,1723.5
2021-05-14,126.8,123.2,127.0,125.3,2609.8
2021-05-17,126.0,124.0,129.8,124.0,2417.9
2021-05-18,124.0,121.0,126.0,121.0,2452.7
2021-05-19,120.0,118.1,120.6,120.1,2178.4
2021-05-20,120.1,120.0,123.0,122.9,2084.9
2021-05-21,123.0,120.5,123.0,122.5,1622.4
2021-05-24,122.2,121.1,123.5,122.1,1985.8
2021-05-25,122.4,121.3,122.4,122.3,1514.9
2021-05-26,122.0,120.6,122.2,121.7,1677.5
2021-05-27,120.9,119.0,121.0,120.3,2081.3
2021-05-28,120.3,119.0,122.5,119.8,1847.4
2021-05-31,117.9,116.2,120.0,117.5,2823.6
2021-06-01,116.2,116.2,120.2,120.0,2155.4
2021-06-02,120.2,117.0,121.3,117.5,3130.6
2021-06-03,118.0,117.1,118.6,118.5,2488.9
2021-06-04,118.5,118.5,121.0,121.0,3689.2
2021-06-07,122.8,122.1,126.0,123.0,3681.8
2021-06-08,125.0,119.5,125.7,119.8,2699.6
2021-06-09,120.0,117.0,120.5,118.8,1813.3
2021-06-10,118.5,116.5,119.2,116.5,2929.0
2021-06-11,117.0,116.4,118.0,118.0,1729.0
2021-06-14,118.2,118.2,120.4,120.0,1933.1
2021-06-15,120.0,119.7,121.5,120.2,451.8
2021-06-16,143.0,119.0,143.0,119.1,2988.0
2021-06-17,118.0,117.0,118.5,117.0,2848.5
2021-06-18,118.0,117.0,118.3,117.4,1788.4
2021-06-21,117.5,117.3,118.9,117.4,1497.2
2021-06-22,118.0,117.2,118.6,117.5,2161.6
2021-06-23,118.0,116.6,118.1,116.9,1281.2
2021-06-24,117.9,116.8,118.2,117.5,1374.3
2021-06-25,117.2,116.8,117.8,117.5,1763.3
2021-06-28,117.5,116.7,117.6,116.7,1711.0
2021-06-29,116.9,116.9,119.3,118.0,2339.9
2021-06-30,118.0,118.0,121.5,119.0,2685.9
2021-07-01,119.7,118.5,119.9,118.6,2194.7
2021-07-02,118.1,117.5,118.8,117.5,1789.1
2021-07-05,116.7,114.9,117.0,115.0,2765.2
2021-07-06,115.0,112.0,116.0,112.0,3006.5
2021-07-07,112.0,110.0,114.0,114.0,2507.0
2021-07-08,113.0,110.5,113.0,111.0,1480.9
2021-07-09,109.2,107.5,111.0,108.6,1787.9
2021-07-12,108.5,101.7,110.0,104.0,2863.9
2021-07-13,104.1,99.0,105.1,103.0,2355.2
2021-07-14,103.0,102.0,106.4,103.0,2585.1
2021-07-15,103.0,101.3,103.7,102.0,2584.2
2021-07-16,102.1,102.1,106.1,105.8,2158.2
2021-07-19,103.1,100.5,104.9,102.9,1851.3
2021-07-20,102.6,100.0,103.2,103.0,2130.3
2021-07-21,106.0,102.8,106.5,104.0,2742.6
2021-07-23,106.2,104.0,108.8,104.0,3088.8
2021-07-26,104.8,103.1,105.4,104.2,1940.2
2021-07-27,105.0,104.3,105.8,104.3,1442.8
2021-07-28,104.3,104.0,105.5,105.2,1192.4
2021-07-29,105.5,104.5,105.6,105.1,1076.5
2021-07-30,107.0,106.1,107.3,107.2,2276.0
2021-08-02,107.5,106.9,109.6,107.5,1682.4
2021-08-03,109.4,109.0,115.0,114.5,7293.1
2021-08-04,115.5,114.0,116.4,114.0,2809.4
2021-08-05,113.7,112.9,115.0,114.0,2049.2
2021-08-06,115.0,113.3,115.9,113.3,3021.9
2021-08-09,113.2,111.6,113.7,113.1,3219.8
2021-08-10,115.0,113.0,115.0,113.0,2830.6
2021-08-11,113.0,111.0,114.0,111.0,2382.0
2021-08-12,111.0,110.5,112.9,111.1,1833.4
2021-08-13,111.5,110.5,112.2,110.9,2119.3
2021-08-16,112.0,110.6,112.7,110.6,3085.8
2021-08-17,100.0,98.9,103.4,98.9,4887.5
2021-08-18,99.0,97.9,100.2,97.9,2297.7
2021-08-19,97.9,96.7,104.0,104.0,3521.1
2021-08-20,100.0,97.2,102.0,97.7,4953.9
2021-08-23,97.5,95.8,97.7,96.2,2161.0
2021-08-24,96.4,95.1,97.0,95.6,1344.5
2021-08-25,95.4,93.0,95.4,94.6,2057.0
2021-08-26,94.6,93.0,94.6,93.4,1668.4
2021-08-27,93.0,91.5,95.0,94.8,2485.9
2021-08-30,95.0,94.1,95.3,94.1,1414.9
2021-08-31,94.1,93.8,95.1,94.1,1529.6
2021-09-01,94.1,94.1,95.0,94.1,1303.1
2021-09-03,114.5,114.5,114.5,114.5,7293.1
2021-09-06,113.3,94.2,113.3,95.0,3021.9
2021-09-07,95.3,93.9,95.3,93.9,2280.2
2021-09-08,94.3,92.0,94.3,92.0,2505.7
2021-09-09,92.1,91.3,92.4,91.3,2696.6
2021-09-10,91.8,91.3,92.0,91.3,1614.6
2021-09-13,91.8,91.6,93.4,92.4,1644.1
2021-09-14,92.3,91.9,92.9,92.0,1419.3
2021-09-15,92.0,91.3,92.4,91.4,875.4
2021-09-16,91.4,87.8,91.4,87.8,15130.2
2021-09-17,88.0,86.8,89.2,86.8,5567.9
2021-09-20,87.0,86.0,88.9,86.7,4014.8
2021-09-22,85.6,85.4,86.9,86.1,2845.5
2021-09-23,86.5,86.4,87.4,87.1,2637.5
2021-09-27,87.0,85.0,87.5,86.1,3000.8
2021-09-28,85.3,85.2,86.9,86.5,2387.3
2021-09-29,86.7,86.0,86.9,86.7,1911.2
2021-09-30,86.5,86.5,89.4,88.0,3404.7
2021-10-01,88.0,87.2,88.4,87.7,1734.2
2021-10-04,87.6,87.1,87.9,87.8,1565.2
2021-10-05,87.8,87.1,88.8,88.6,2354.9
2021-10-06,88.8,88.1,88.9,88.6,1736.8
2021-10-07,88.3,88.3,89.5,88.8,2290.9
2021-10-08,89.0,88.8,89.5,89.3,1298.5
2021-10-11,89.4,89.4,92.0,91.9,2539.7
2021-10-12,92.0,92.0,93.0,92.9,2438.7
2021-10-13,93.0,92.8,93.8,93.1,2581.2
2021-10-14,93.2,91.5,93.2,92.5,2677.9
2021-10-15,92.5,92.0,93.0,92.6,1553.7
2021-10-18,92.3,91.1,92.9,92.6,2039.4
2021-10-19,92.6,91.5,92.7,92.4,1686.7
2021-10-20,92.3,89.9,92.5,92.3,3128.6
2021-10-21,91.7,91.0,92.6,91.0,2847.4
2021-10-22,91.0,90.8,91.8,91.8,1428.0
2021-10-25,91.9,91.2,92.5,92.0,1200.9
2021-10-26,91.8,90.9,92.2,92.2,1335.9
2021-10-27,92.0,91.6,95.0,95.0,3908.9
2021-10-28,95.0,93.6,95.4,95.0,2086.1
2021-11-01,95.8,94.9,96.0,95.8,2226.6
2021-11-02,95.7,94.9,96.0,95.8,1542.4
2021-11-03,95.8,93.9,95.8,95.3,3568.2
2021-11-05,94.5,94.0,95.0,95.0,1786.6
2021-11-08,95.0,94.5,95.5,94.9,1792.0
2021-11-09,95.4,93.2,95.4,94.9,2373.8
2021-11-10,95.1,93.6,95.2,94.9,1680.5
2021-11-11,94.9,93.9,95.0,94.8,2186.6
2021-11-12,94.8,93.9,94.8,94.5,1133.1
2021-11-15,94.5,94.0,95.1,95.0,1922.4
2021-11-16,95.0,93.9,95.1,94.8,1643.9
2021-11-17,94.7,94.2,97.0,96.3,2815.8
2021-11-18,97.0,94.5,98.5,94.5,3871.1
2021-11-19,94.6,94.0,96.0,94.8,2032.5
2021-11-22,94.5,93.0,95.0,94.8,2152.1
2021-11-23,93.6,93.6,95.0,94.8,1382.7
2021-11-24,94.8,93.5,95.0,94.1,2045.1
2021-11-25,94.8,93.9,94.8,94.0,1401.8
2021-11-26,95.9,95.2,100.0,98.5,8681.7
2021-11-30,105.5,103.6,106.9,105.0,4674.3
2021-12-01,105.0,104.0,107.3,106.0,4082.0
2021-12-02,106.0,105.1,108.5,107.2,4428.6
2021-12-03,109.1,105.5,109.6,105.5,5152.4
2021-12-06,107.9,106.1,108.9,106.2,3814.3
2021-12-07,107.4,105.6,107.5,106.7,3026.3
2021-12-08,106.5,103.5,107.0,105.9,3539.5
2021-12-09,105.0,104.0,107.5,107.0,3173.4
2021-12-10,107.0,103.1,107.2,103.1,3080.6
2021-12-13,102.7,101.0,104.5,103.2,4076.2
2021-12-14,103.0,101.6,103.1,102.5,2629.1
2021-12-15,102.7,99.9,102.7,100.0,2897.3
2021-12-16,100.0,98.5,101.5,100.0,3095.2
2021-12-17,100.0,98.8,102.7,102.0,6655.0
2021-12-20,102.0,99.0,102.0,99.0,1372.8
2021-12-21,99.0,98.1,100.8,98.1,1467.3
2021-12-22,98.2,98.2,100.1,99.6,2410.6
2021-12-23,99.6,96.0,100.0,96.0,2771.1
2021-12-24,96.5,95.1,96.9,96.5,1415.5
2021-12-27,97.0,96.5,99.0,99.0,1907.5
2021-12-28,99.1,96.5,99.3,98.4,1737.3
2021-12-29,98.0,95.2,98.0,95.5,2291.9
2021-12-30,95.8,95.0,96.4,95.0,1662.4
2022-01-03,105.5,105.5,105.5,105.5,5152.4
2022-01-04,95.0,95.0,101.5,101.0,3071.1
2022-01-05,100.8,99.5,102.2,100.0,3396.5
2022-01-06,101.0,100.5,106.4,104.5,5061.4
2022-01-07,106.4,102.2,106.4,102.2,3108.8
2022-01-10,102.5,102.2,105.5,102.3,2908.5
2022-01-11,102.0,99.8,102.0,101.0,2240.6
2022-01-12,101.5,98.0,101.5,100.8,2338.5
2022-01-13,101.0,98.5,101.0,98.8,1955.7
2022-01-17,99.0,97.2,99.2,97.5,1267.9
2022-01-18,97.0,94.7,97.0,95.5,1448.0
2022-01-19,95.0,93.5,95.9,93.8,1854.7
2022-01-20,94.6,94.6,96.3,95.1,782.0
2022-01-21,95.9,93.3,96.0,95.5,3192.8
2022-01-24,94.9,92.5,96.0,95.0,3935.3
2022-01-25,95.0,93.4,97.7,96.0,3198.4
2022-01-26,96.2,94.5,96.5,96.4,1932.0
2022-01-27,96.5,94.2,96.5,96.5,2559.0
2022-01-28,95.1,94.5,97.0,97.0,2999.6
2022-02-07,96.4,91.2,97.5,91.2,7413.4
2022-02-08,91.3,86.7,92.3,87.3,8010.8
2022-02-09,87.6,85.0,88.7,85.7,8812.5
2022-02-10,85.7,81.7,86.0,84.0,11088.5
2022-02-11,83.0,81.5,83.6,81.7,7846.4
2022-02-14,81.7,80.7,84.0,81.8,4973.5
2022-02-15,82.0,81.8,83.8,83.7,3001.5
2022-02-16,83.9,82.7,83.9,82.9,1986.0
2022-02-17,82.8,82.0,83.5,83.1,2865.6
2022-02-18,82.5,82.0,82.8,82.2,2914.4
2022-02-21,82.1,82.0,83.8,83.6,2513.7
2022-02-22,83.0,81.8,83.0,82.0,2975.2
2022-02-23,82.1,82.0,82.5,82.5,1439.0
2022-02-24,82.3,79.3,82.4,80.1,6367.5
2022-02-25,80.9,79.1,80.9,79.1,3385.5
2022-02-28,79.4,77.0,79.5,77.0,4678.6
2022-03-01,77.1,77.0,79.9,79.2,3467.6
2022-03-02,79.2,77.3,79.2,78.9,2401.0
2022-03-03,78.9,78.3,80.4,79.0,2610.4
2022-03-04,79.0,77.8,79.3,79.0,3817.4
2022-03-07,78.3,77.3,79.0,78.5,2442.6
2022-03-08,78.0,77.1,78.8,77.9,4290.2
2022-03-09,78.1,77.3,78.7,78.0,3049.9
2022-03-10,78.5,78.0,80.6,79.1,4366.6
2022-03-11,78.8,77.9,79.0,79.0,2222.4
2022-03-14,78.8,77.4,78.8,78.3,2622.7
2022-03-15,78.0,77.1,78.6,78.3,2733.9
2022-03-16,78.3,77.2,78.4,78.1,2950.0
2022-03-17,78.3,77.3,78.5,78.4,2565.9
2022-03-18,78.3,77.4,79.5,78.8,5520.7
2022-03-21,78.8,78.3,81.0,81.0,3705.3
2022-03-22,81.0,81.0,82.4,82.2,3631.8
2022-03-23,82.1,81.4,82.4,81.4,1529.2
2022-03-24,81.4,80.4,81.4,81.0,1995.2
2022-03-25,80.6,79.7,81.0,81.0,2193.5
2022-03-28,79.9,79.8,81.2,80.5,2339.9
2022-03-29,80.0,79.8,81.7,80.8,2798.3
2022-03-30,82.5,80.5,82.7,81.1,3088.4
2022-03-31,81.1,81.1,82.3,81.2,1372.0
2022-04-01,81.4,80.9,82.4,82.1,2609.9
2022-04-04,82.5,81.5,82.8,82.7,2730.5
2022-04-05,82.5,81.7,83.1,82.3,3591.1
2022-04-06,80.5,79.5,82.3,80.5,5679.1
2022-04-07,80.2,77.6,80.3,79.5,3704.8
2022-04-08,80.0,80.0,82.4,81.7,5192.0
2022-04-12,81.4,80.3,81.4,81.3,2356.5
2022-04-13,81.0,80.7,82.2,82.2,3146.3
2022-04-14,81.6,81.1,82.2,81.7,1763.7
2022-04-15,81.5,80.6,81.8,80.7,1678.4
2022-04-18,80.0,78.1,80.1,79.5,2984.7
2022-04-19,78.6,77.9,79.8,78.8,1816.0
2022-04-20,78.0,78.0,79.8,79.3,1713.9
2022-04-21,79.0,77.5,79.5,77.5,2684.3
2022-04-22,77.7,77.6,79.0,77.7,1867.3
2022-04-25,77.8,72.7,79.2,76.2,2738.0
2022-04-26,73.5,73.5,78.5,78.0,3661.7
2022-04-27,77.5,75.0,78.0,78.0,2793.5
2022-04-28,78.0,76.3,78.2,77.9,1386.1
2022-04-29,77.5,76.6,80.0,80.0,2148.7
2022-05-04,79.6,77.7,80.0,79.7,1436.0
2022-05-05,79.6,78.5,80.0,80.0,1858.6
2022-05-06,78.5,78.0,80.0,79.8,1690.0
2022-05-09,78.7,77.9,79.2,79.1,2428.9
2022-05-10,78.9,78.1,80.4,80.4,2617.9
2022-05-11,80.2,78.7,80.5,80.5,1983.6
2022-05-12,80.0,77.1,80.0,79.0,2474.1
2022-05-13,79.0,77.2,79.0,78.0,3134.6
2022-05-16,79.0,76.2,79.0,77.0,1994.1
2022-05-17,76.0,75.2,78.0,78.0,1857.4
2022-05-18,78.0,76.0,78.0,78.0,2964.9
2022-05-19,76.4,76.2,79.0,77.9,2650.3
2022-05-20,77.9,76.5,77.9,77.8,2331.1
2022-05-23,77.6,76.3,77.7,77.4,2644.7
2022-05-24,77.0,76.4,77.6,77.6,1568.3
2022-05-25,77.6,76.8,78.1,77.7,1360.4
2022-05-26,77.6,76.8,77.7,77.7,2076.7
2022-05-27,77.4,77.0,78.0,78.0,1575.8
2022-05-30,78.0,77.2,78.5,78.5,1390.9
2022-05-31,78.0,77.7,79.5,78.8,1776.6
2022-06-01,78.6,78.3,79.4,79.3,1539.2
2022-06-02,79.2,77.6,79.2,78.9,2935.6
2022-06-03,78.1,78.0,79.2,78.8,1249.1
2022-06-06,78.7,77.9,78.9,78.5,1503.5
2022-06-07,78.5,77.7,78.5,78.0,1562.2
2022-06-08,77.8,77.6,78.7,78.1,1441.7
2022-06-09,77.7,77.3,78.2,78.1,1542.1
2022-06-10,77.8,77.5,78.2,78.0,979.6
2022-06-13,78.0,76.2,78.0,76.4,3134.6
2022-06-14,76.2,75.2,76.6,76.6,2058.5
2022-06-15,76.6,75.3,76.9,76.7,2037.2
2022-06-16,76.0,75.8,77.7,76.6,1597.8
2022-06-17,75.8,75.1,76.6,76.6,3725.3
2022-06-20,77.8,75.3,77.8,75.6,2331.1
2022-06-21,75.2,73.8,75.2,75.0,1956.2
2022-06-22,74.7,73.6,75.0,75.0,1418.9
2022-06-23,74.1,73.0,74.2,74.2,1548.9
2022-06-24,73.5,72.0,74.6,74.6,1514.8
2022-06-27,73.8,73.5,74.8,73.8,1822.4
2022-06-28,73.0,72.4,73.8,73.6,2228.3
2022-06-29,72.8,72.3,73.4,73.4,1429.3
2022-06-30,72.7,72.4,73.5,73.5,1878.8
2022-07-01,73.2,72.1,73.4,72.6,1866.6
2022-07-04,72.4,72.2,72.7,72.7,758.3
2022-07-05,72.7,72.0,72.8,72.3,1478.7
2022-07-06,72.0,67.5,72.1,67.5,2171.7
2022-07-07,68.0,66.5,69.8,69.8,2174.1
2022-07-08,70.0,67.5,70.7,70.0,1413.8
2022-07-11,67.7,66.2,70.0,70.0,2385.9
2022-07-12,68.6,68.0,70.1,69.9,1212.4
2022-07-13,68.6,68.3,70.0,69.5,2004.6
2022-07-14,69.5,68.5,69.8,69.5,1414.3
2022-07-15,69.1,68.6,69.8,69.6,1582.5
2022-07-18,69.6,68.0,69.6,68.0,1088.0
2022-07-19,68.0,68.0,69.0,68.8,655.4
2022-07-20,68.8,68.2,69.0,68.2,626.1
2022-07-21,68.2,68.1,68.8,68.5,930.6
2022-07-22,68.1,66.5,68.5,66.5,674.7
2022-07-25,66.9,66.5,67.4,67.3,755.8
2022-07-26,66.1,66.1,67.6,66.1,592.7
2022-07-27,66.2,66.0,66.8,66.5,581.4
2022-07-28,66.6,66.0,67.1,67.0,1152.2
2022-07-29,67.8,64.0,67.8,64.0,1908.5
2022-08-01,64.9,64.1,65.1,64.7,1261.8
2022-08-02,64.8,64.5,66.6,66.6,1372.6
2022-08-03,65.8,65.1,66.3,66.0,1250.7
2022-08-04,66.0,65.4,66.4,66.4,1146.0
2022-08-05,65.9,65.2,66.2,65.4,1134.9
2022-08-08,65.4,64.6,65.7,64.6,1010.3
2022-08-09,64.8,64.7,65.4,65.3,792.0
2022-08-10,65.0,64.7,65.6,64.8,967.9
2022-08-11,65.6,65.0,66.4,65.8,1674.0
2022-08-12,65.8,65.5,66.2,66.2,811.2
2022-08-15,66.3,66.1,66.4,66.4,802.1
2022-08-16,66.4,65.7,66.4,65.9,862.2
2022-08-17,66.2,66.0,67.8,67.3,2201.0
2022-08-18,67.2,67.2,69.3,68.1,2769.1
2022-08-19,68.0,66.8,68.4,67.9,1221.6
2022-08-22,66.5,66.0,68.0,66.0,1469.1
2022-08-23,65.5,64.8,65.6,65.0,1437.8
2022-08-24,65.2,64.9,65.8,64.9,787.5
2022-08-25,65.0,65.0,65.9,65.9,483.0
2022-08-26,66.0,65.0,66.0,65.0,861.3
2022-08-29,64.3,63.0,64.4,63.6,1337.5
2022-08-30,63.6,63.2,64.1,63.6,868.4
2022-08-31,64.0,63.7,65.7,63.7,1236.8
2022-09-05,65.4,64.0,65.4,64.0,1310.1
2022-09-06,64.1,63.1,64.8,63.3,1335.6
2022-09-07,63.3,62.5,63.4,62.5,1347.4
2022-09-08,63.3,62.4,63.6,62.9,841.2
2022-09-09,63.2,62.9,64.4,64.4,1193.8
2022-09-12,64.8,63.8,64.8,64.0,552.9
2022-09-13,64.0,63.6,64.3,64.1,1059.1
2022-09-14,63.5,62.1,63.6,63.4,711.0
2022-09-15,63.5,62.8,64.0,63.9,851.3
2022-09-16,63.2,62.5,64.5,62.5,1684.4
2022-09-19,62.5,62.1,63.3,62.9,786.0
2022-09-20,62.6,62.6,63.9,63.9,800.1
2022-09-21,63.5,62.7,63.6,63.1,482.7
2022-09-22,62.5,58.7,63.3,63.3,1238.7
2022-09-23,63.0,62.0,63.3,62.6,324.2
2022-09-26,61.8,61.6,62.6,62.0,1195.9
2022-09-27,62.1,60.8,62.2,61.0,639.1
2022-09-28,60.1,57.5,60.8,57.5,1138.1
2022-09-29,57.7,54.3,58.2,54.6,1701.1
2022-09-30,53.3,53.3,56.4,55.0,1724.3
2022-10-03,54.6,53.0,55.5,55.5,1452.7
2022-10-04,56.0,54.6,57.0,57.0,1296.7
2022-10-05,57.5,57.0,60.9,60.0,1328.1
2022-10-06,59.8,58.1,61.9,60.1,1011.9
2022-10-07,60.5,58.3,60.7,60.2,2987.9
2022-10-10,60.2,57.7,60.9,60.2,1238.4
2022-10-11,58.3,56.7,60.1,60.0,2186.8
2022-10-12,60.0,58.3,60.2,60.0,1709.7
2022-10-13,58.7,58.2,61.0,60.4,1246.4
2022-10-14,60.5,58.4,60.5,59.7,779.4
2022-10-17,58.6,56.0,59.0,56.0,738.7
2022-10-18,56.5,56.5,58.6,58.4,606.1
2022-10-19,58.5,56.5,58.7,58.5,826.4
2022-10-20,58.1,57.2,58.7,58.6,1099.2
2022-10-21,58.5,54.5,58.5,56.8,1414.6
2022-10-24,56.0,52.9,56.5,56.5,1606.1
2022-10-25,56.3,53.0,56.3,56.1,1446.7
2022-10-26,56.1,53.5,56.1,54.8,1054.1
2022-10-27,54.6,52.5,55.0,55.0,1974.8
2022-10-28,55.4,53.5,55.8,55.7,1281.0
2022-10-31,56.0,54.3,56.4,55.4,1052.8
2022-11-01,55.7,54.0,55.8,55.4,1419.1
2022-11-02,55.3,54.0,55.4,55.4,1352.5
2022-11-03,54.4,54.3,55.1,55.1,909.7
2022-11-04,54.9,52.2,54.9,54.3,1617.9
2022-11-07,54.0,51.7,54.0,53.4,1702.5
2022-11-08,52.2,49.7,53.3,53.3,2476.1
2022-11-09,53.3,52.2,54.3,53.7,1573.9
2022-11-10,53.6,52.0,54.0,53.0,1558.0
2022-11-11,53.0,52.5,54.8,54.3,938.5
2022-11-14,54.2,53.1,55.5,55.0,1394.6
2022-11-15,55.9,55.0,57.5,57.0,1583.4
2022-11-16,56.9,56.1,60.9,60.4,2249.5
2022-11-17,62.4,61.0,64.6,64.6,4785.4
2022-11-18,66.9,63.2,66.9,65.6,1693.4
2022-11-21,56.8,56.8,66.7,64.0,1414.6
2022-11-22,64.0,61.0,65.9,61.0,1466.3
2022-11-23,60.1,59.7,62.6,59.7,998.8
2022-11-24,60.0,60.0,62.1,61.0,1141.7
2022-11-25,63.0,62.9,65.0,65.0,2290.9
2022-11-28,66.5,65.0,67.1,65.0,3249.9
2022-11-29,65.0,64.2,69.4,69.4,3559.0
2022-11-30,69.5,68.0,70.2,69.6,3225.0
2022-12-01,69.4,66.0,69.6,66.0,3204.6
2022-12-02,65.1,65.1,68.8,68.8,3591.4
2022-12-05,68.8,68.0,70.0,68.1,2301.9
2022-12-06,68.1,65.0,68.5,66.6,1803.3
2022-12-07,69.2,68.5,71.2,71.2,9421.5
2022-12-08,74.4,69.9,74.5,69.9,5602.5
2022-12-09,70.5,67.8,71.7,67.8,2660.7
2022-12-12,67.8,63.1,68.0,63.1,2851.2
2022-12-14,62.5,60.3,63.7,60.8,2897.5
2022-12-15,61.1,60.3,61.6,60.6,2311.9
2022-12-16,60.6,58.4,60.8,58.4,3284.6
2022-12-19,59.0,56.5,59.4,56.5,2873.6
2022-12-20,56.5,55.1,57.8,55.9,2088.4
2022-12-21,56.6,54.8,56.7,54.9,2477.4
2022-12-22,56.0,55.0,57.0,55.0,2433.4
2022-12-23,55.3,53.9,55.9,55.1,1866.3
2022-12-26,55.0,52.5,55.0,52.9,2367.8
2022-12-27,52.9,52.1,54.8,53.4,1844.0
2022-12-28,53.5,52.1,53.5,53.5,2089.0
2022-12-29,53.2,52.5,54.0,53.6,2135.4
2022-12-30,53.8,53.0,53.9,53.8,2461.7
2023-01-03,53.8,53.4,56.8,56.8,2009.3
2023-01-04,56.9,55.9,57.1,56.0,1928.4
2023-01-05,56.1,55.8,56.9,56.2,1641.9
2023-01-06,56.0,54.9,56.1,56.1,1951.0
2023-01-09,67.8,55.0,67.8,55.0,2660.7
2023-01-10,55.0,53.6,55.0,54.5,1742.9
2023-01-11,54.5,54.1,55.5,55.1,1085.6
2023-01-12,55.5,54.5,55.5,55.0,1067.0
2023-01-13,55.0,54.4,55.3,55.0,1223.8
2023-01-16,58.4,53.4,58.4,54.8,3284.6
2023-01-17,53.5,53.5,55.2,55.2,1371.2
2023-01-18,55.4,55.1,56.7,56.7,1647.3
2023-01-19,56.3,56.0,57.4,57.4,2343.1
2023-01-27,57.8,57.6,59.3,59.2,2197.8
2023-01-30,59.5,57.5,59.5,57.7,1124.5
2023-01-31,58.1,56.5,58.5,57.1,1377.8
2023-02-01,57.6,54.8,57.6,55.2,1851.6
2023-02-02,55.2,55.1,56.1,55.8,1328.6
2023-02-03,56.0,55.0,56.0,56.0,1199.4
2023-02-06,55.3,54.3,56.0,56.0,1416.1
2023-02-07,56.0,53.6,56.0,55.0,1645.0
2023-02-08,54.6,53.0,54.6,54.4,2145.8
2023-02-09,53.5,52.4,54.5,54.2,3006.8
2023-02-10,53.5,52.6,54.3,54.0,1696.0
2023-02-13,53.1,52.5,53.6,53.4,1405.2
2023-02-14,53.1,50.8,53.1,52.9,3116.2
2023-02-15,52.7,50.9,52.9,52.9,3345.7
2023-02-16,53.0,51.4,53.7,53.4,3240.5
2023-02-17,53.4,52.2,53.5,53.5,1871.5
2023-02-20,53.3,53.0,55.0,54.1,1515.2
2023-02-21,54.2,53.7,54.7,54.3,1502.6
2023-02-22,53.5,52.4,53.6,53.0,2557.8
2023-02-23,52.8,51.1,53.1,53.0,2387.1
2023-02-24,52.1,51.7,52.9,52.9,2206.5
2023-02-27,52.0,51.4,52.5,52.5,1389.9
2023-02-28,52.5,52.0,53.0,52.6,912.5
2023-03-01,52.0,51.6,53.3,52.7,794.7
2023-03-02,52.5,52.3,53.2,52.8,769.3
2023-03-03,52.8,52.2,53.0,52.7,785.9
2023-03-06,52.7,52.1,53.3,52.6,1569.8
2023-03-07,53.0,52.5,53.2,52.7,1442.3
2023-03-08,52.2,52.2,53.3,53.0,831.9
2023-03-09,53.0,52.6,53.6,53.0,1037.3
2023-03-10,53.0,52.5,53.3,53.1,899.8
2023-03-13,53.1,52.5,53.4,53.3,996.8
2023-03-14,53.2,52.6,53.2,53.0,1019.0
2023-03-15,53.0,53.0,54.0,54.0,1177.7
2023-03-16,54.0,53.0,55.7,53.3,3155.6
2023-03-17,53.9,52.4,54.0,53.2,3121.5
2023-03-20,53.0,51.4,53.2,52.8,3362.3
2023-03-21,52.8,51.6,53.4,52.8,1766.7
2023-03-22,52.6,52.1,52.9,52.8,1797.5
2023-03-23,52.3,52.1,52.8,52.8,2073.8
2023-03-24,52.6,52.6,61.0,61.0,1141.7
2023-03-27,53.3,53.2,53.5,53.5,218.1
2023-03-28,53.3,53.2,53.6,53.4,782.5
2023-03-29,53.5,52.9,53.6,53.5,585.7
2023-03-30,53.5,53.4,54.9,53.7,993.6
2023-03-31,53.6,53.6,55.2,55.0,2619.4
2023-04-03,55.9,55.6,58.8,58.0,4851.8
2023-04-04,58.5,56.8,58.7,56.8,1871.7
2023-04-05,56.7,55.0,56.7,56.0,1869.1
2023-04-06,56.4,54.5,56.4,54.5,2064.9
2023-04-07,55.0,53.4,55.0,54.4,2379.6
2023-04-10,54.5,53.3,54.6,53.8,2145.1
2023-04-11,53.7,52.8,53.7,53.6,1847.0
2023-04-12,53.3,52.6,53.5,53.1,3646.3
2023-04-13,53.1,52.7,53.5,53.0,1919.8
2023-04-14,53.2,52.7,53.5,52.9,1662.6
2023-04-17,52.9,52.4,52.9,52.9,1758.2
2023-04-18,52.9,52.4,52.9,52.8,1755.8
2023-04-19,52.6,52.3,52.7,52.6,1746.3
2023-04-20,52.5,52.2,52.7,52.6,1217.4
2023-04-21,52.6,52.1,52.7,52.7,1698.6
2023-04-24,52.7,52.2,52.7,52.6,1496.2
2023-04-25,52.8,51.8,52.8,52.5,2716.4
2023-04-26,52.4,51.7,52.4,51.9,1836.6
2023-04-27,51.8,50.5,51.8,50.5,3596.0
2023-04-28,50.6,50.6,52.1,52.1,2241.1
2023-05-04,52.1,51.1,52.1,51.3,1498.4
2023-05-05,50.9,50.6,51.4,50.7,1298.8
2023-05-08,50.7,50.5,50.9,50.9,1338.2
2023-05-09,50.9,50.4,51.0,50.6,1113.4
2023-05-10,50.8,50.4,50.8,50.6,1069.3
2023-05-11,50.7,50.3,50.7,50.5,1190.3
2023-05-12,50.7,50.5,51.9,51.7,2093.0
2023-05-15,54.9,54.0,54.9,54.4,4520.0
2023-05-16,54.6,52.8,54.8,52.9,2621.4
2023-05-17,52.9,52.6,53.8,53.2,2168.2
2023-05-18,53.6,53.0,53.8,53.2,2078.7
2023-05-19,53.4,52.1,53.4,52.5,1932.2
2023-05-22,52.5,51.9,52.7,52.1,1855.2
2023-05-23,52.2,52.2,53.5,52.6,2019.0
2023-05-24,52.8,52.3,52.8,52.6,1290.3
2023-05-25,52.6,52.2,52.7,52.6,1453.5
2023-05-26,52.4,52.0,52.5,52.0,1593.3
2023-05-29,52.0,52.0,52.9,52.7,1381.3
2023-05-30,52.7,52.3,52.9,52.4,1315.0
2023-05-31,52.4,52.0,52.4,52.0,2432.0
2023-06-01,52.0,51.6,52.2,52.0,1526.9
2023-06-02,52.0,51.9,52.3,52.0,1731.4
2023-06-05,52.1,52.0,52.5,52.1,1824.3
2023-06-06,52.2,52.2,53.2,53.2,2120.2
2023-06-07,53.4,52.6,53.4,52.8,1656.1
2023-06-08,52.8,52.4,53.0,52.4,1436.1
2023-06-09,52.5,52.2,52.6,52.3,819.0
2023-06-12,52.5,52.5,53.4,53.4,1711.5
2023-06-13,53.7,53.3,54.3,54.1,2112.1
2023-06-14,54.1,53.8,54.7,53.8,2242.8
2023-06-15,53.8,53.3,54.5,53.5,2114.7
2023-06-16,53.8,52.6,54.0,53.5,3878.9
2023-06-19,53.8,52.1,53.8,52.1,2316.6
2023-06-20,52.0,51.9,52.5,52.0,1464.5
2023-06-21,52.1,51.7,52.4,52.4,2070.4
2023-06-22,52.7,52.0,52.8,52.4,1626.3
2023-06-23,52.1,51.9,52.3,52.0,2178.9
2023-06-26,52.1,51.9,52.7,52.2,1524.7
2023-06-27,52.2,52.2,53.0,52.4,2488.3
2023-06-28,52.6,52.0,52.7,52.2,1893.5
2023-06-29,52.2,51.8,52.4,51.8,1628.3
2023-06-30,51.8,51.0,51.9,51.0,1743.9
2023-07-03,51.5,51.1,51.7,51.1,1866.1
2023-07-04,51.5,51.1,51.5,51.3,1359.6
2023-07-05,51.4,50.9,51.6,51.0,2479.2
2023-07-06,51.0,50.4,51.4,50.4,2599.6
2023-07-07,50.5,50.0,50.6,50.1,2941.6
2023-07-10,50.5,50.2,51.2,50.9,3345.3
2023-07-11,51.0,50.8,51.3,50.8,1927.9
2023-07-12,51.1,50.8,51.9,51.4,2295.6
2023-07-13,51.5,51.2,52.0,51.5,1894.0
2023-07-14,51.8,51.0,51.8,51.4,2013.7
2023-07-17,51.6,51.4,53.1,52.9,4605.5
2023-07-18,53.0,52.6,53.1,52.7,2091.9
2023-07-19,52.9,52.1,52.9,52.1,1816.0
2023-07-20,52.1,51.6,52.5,52.0,1893.8
2023-07-21,52.0,51.6,52.3,52.1,2324.8
2023-07-24,52.2,51.8,52.6,52.0,2621.7
2023-07-25,52.1,51.5,52.2,51.5,3804.0
2023-07-26,51.4,51.0,51.9,51.0,4119.7
2023-07-27,51.0,50.8,51.5,51.1,3932.5
2023-07-28,51.1,50.9,51.6,51.5,3550.2
2023-07-31,52.0,52.0,55.1,55.1,10561.9
2023-08-01,58.8,58.0,58.9,58.9,12259.3
2023-08-02,59.0,58.1,59.9,58.3,12347.8
2023-08-03,58.3,58.1,59.5,58.2,7522.8
2023-08-04,59.0,59.0,62.2,62.2,21210.8
2023-08-07,63.3,62.4,63.9,63.9,8090.3
2023-08-08,65.5,65.4,67.5,67.0,11056.4
2023-08-09,67.0,65.7,67.8,65.8,9768.4
2023-08-10,66.3,66.1,68.4,67.9,7897.7
2023-08-11,72.6,72.2,72.6,72.6,23093.1
2023-08-14,74.9,71.5,75.4,73.3,12704.0
2023-08-15,73.0,70.7,73.3,70.7,14765.3
2023-08-16,75.6,75.5,75.6,75.6,19414.9
2023-08-17,75.7,71.9,76.5,71.9,22232.6
2023-08-18,69.1,66.9,70.0,66.9,26621.9
2023-08-21,66.0,63.3,66.1,65.8,22403.7
2023-08-22,67.0,62.8,67.1,64.5,13120.8
2023-08-23,69.0,65.0,69.0,65.0,20341.5
2023-08-24,65.7,62.7,65.8,64.2,16616.2
2023-08-25,65.2,63.3,66.6,63.5,17900.3
2023-08-28,65.0,64.5,66.7,64.7,16715.6
2023-08-29,65.7,63.2,65.8,63.4,20650.3
2023-08-30,62.6,60.6,62.9,62.0,24550.8
2023-08-31,62.5,62.0,64.1,62.1,14984.7
2023-09-05,62.5,61.7,63.9,62.3,13059.5
2023-09-06,62.4,60.8,62.5,61.6,19411.0
2023-09-07,62.0,60.8,62.5,60.8,16127.8
2023-09-08,60.5,59.1,60.6,59.1,28220.8
2023-09-11,60.1,59.1,61.4,59.1,16362.0
2023-09-12,59.8,59.1,60.5,60.3,15067.2
2023-09-13,60.8,59.1,61.4,59.2,16321.0
2023-09-14,59.1,55.5,59.3,55.5,26861.0
2023-09-15,55.0,53.2,55.0,53.6,18952.4
2023-09-18,66.9,52.4,66.9,53.0,26621.9
2023-09-19,53.5,51.5,53.9,51.7,12789.3
2023-09-20,52.0,51.7,53.5,53.5,11801.5
2023-09-21,53.8,52.2,53.8,52.2,8502.6
2023-09-22,51.3,49.8,51.3,50.0,17451.9
2023-09-25,50.1,46.5,50.4,46.5,16835.4
2023-09-26,46.0,44.55,46.75,45.0,15113.4
2023-09-27,44.6,44.05,45.25,45.2,8890.4
2023-09-28,45.2,44.1,45.3,45.0,6887.1
2023-09-29,45.2,45.15,48.15,46.85,13568.0
2023-10-02,47.0,46.5,47.55,46.9,5084.8
2023-10-03,45.9,43.85,46.0,44.5,12896.8
2023-10-04,44.5,44.05,46.3,46.1,6718.3
2023-10-05,46.2,44.8,46.4,45.6,5358.2
2023-10-06,61.6,45.0,61.6,45.4,19411.0
2023-10-09,46.0,45.2,46.05,45.2,4889.7
2023-10-10,45.6,44.9,46.15,44.9,5861.6
2023-10-11,45.05,45.0,45.45,45.45,3629.7
2023-10-12,46.0,45.8,47.3,46.5,7710.8
2023-10-13,46.05,45.55,46.45,46.1,5057.9
2023-10-16,46.05,45.0,46.05,45.0,4839.4
2023-10-17,45.0,44.0,45.15,44.0,4845.0
2023-10-18,58.4,41.5,58.4,43.8,8869.2
2023-10-19,43.8,42.4,43.9,43.2,5382.4
2023-10-20,43.0,41.85,43.35,43.35,5953.1
2023-10-23,43.35,42.6,43.4,43.4,4900.4
2023-10-24,43.2,42.9,43.5,43.45,2821.8
2023-10-25,44.2,43.85,45.3,44.7,6225.6
2023-10-26,42.9,41.6,42.95,41.6,15106.8
2023-10-27,40.5,38.7,41.6,41.6,13998.1
2023-10-30,41.3,39.75,41.55,41.5,6062.8
2023-10-31,41.05,40.45,41.55,40.5,5938.4
2023-11-01,39.7,39.45,40.5,40.4,4618.9
2023-11-02,40.5,39.65,41.5,41.45,6047.5
2023-11-03,41.7,41.25,42.1,41.6,4094.9
2023-11-06,41.95,41.65,42.3,42.1,4294.0
2023-11-07,41.8,41.25,42.15,42.05,4222.0
2023-11-08,41.9,41.6,43.05,43.0,4749.5
2023-11-09,44.0,44.0,45.55,45.4,7308.0
2023-11-10,45.0,44.4,45.2,44.95,5103.2
2023-11-13,45.05,44.45,45.05,44.8,3953.8
2023-11-14,44.95,44.5,45.5,44.95,3845.1
2023-11-15,45.4,44.9,45.6,45.4,6206.5
2023-11-16,45.4,44.85,45.4,45.1,2341.3
2023-11-17,45.2,42.15,45.2,42.2,11573.2
2023-11-20,40.9,40.9,42.8,42.7,4304.3
2023-11-21,43.05,42.05,43.15,42.6,2852.1
2023-11-22,42.95,41.85,43.0,42.0,3797.8
2023-11-23,42.0,41.3,42.6,41.3,3301.6
2023-11-24,41.35,40.6,41.5,41.35,3524.6
2023-11-27,41.3,41.3,42.2,41.85,2794.8
2023-11-28,41.85,41.6,42.5,42.4,2472.3
2023-11-29,42.4,42.3,42.65,42.55,2051.7
2023-11-30,42.5,41.75,42.85,41.75,3466.4
2023-12-01,42.05,41.85,42.2,42.1,2301.7
2023-12-04,42.1,42.1,43.0,42.95,3571.3
2023-12-05,42.95,42.6,43.1,42.8,3626.7
2023-12-06,42.5,42.5,43.0,42.8,2341.2
2023-12-07,42.8,41.9,43.2,42.8,4453.2
2023-12-08,42.6,42.55,43.05,42.95,2652.3
2023-12-11,43.25,43.25,44.35,44.05,5292.2
2023-12-12,44.05,44.0,44.4,44.25,2774.2
2023-12-13,44.1,43.2,44.35,43.9,3973.9
2023-12-14,43.95,43.5,44.05,43.8,3042.8
2023-12-15,43.7,43.1,43.95,43.7,6066.7
2023-12-18,43.7,43.05,43.95,43.2,2345.2
2023-12-19,43.3,42.3,43.3,43.2,2813.9
2023-12-20,42.95,42.85,43.45,43.25,1760.1
2023-12-21,43.0,42.8,43.3,43.2,1890.5
2023-12-22,43.2,42.75,43.35,43.15,2001.1
2023-12-25,43.1,43.0,43.55,43.4,1977.5
2023-12-26,43.4,43.35,43.75,43.55,1763.7
2023-12-27,43.65,43.6,43.95,43.6,1848.5
2023-12-28,43.6,43.6,44.6,44.45,4070.7
2023-12-29,44.65,44.45,44.85,44.6,2168.9
2024-01-02,44.95,44.0,44.95,44.0,2281.3
2024-01-03,43.5,43.5,44.15,44.15,2275.1
2024-01-04,44.15,43.8,44.35,44.15,2337.8
2024-01-05,44.15,43.9,44.2,44.1,1481.6
2024-01-08,44.45,44.1,44.75,44.35,2534.4
2024-01-09,44.3,43.9,44.4,43.9,1604.8
2024-01-10,43.9,43.2,44.05,43.6,2675.7
2024-01-11,43.6,43.4,44.0,43.65,1666.1
2024-01-12,43.5,42.7,43.5,43.0,2966.6
2024-01-15,43.5,43.05,43.5,43.05,1456.3
2024-01-16,43.0,42.85,43.25,43.15,1436.5
2024-01-17,43.15,42.95,43.45,43.2,1878.3
2024-01-18,43.0,43.0,43.5,43.35,1725.1
2024-01-19,43.35,43.15,43.45,43.3,2905.4
2024-01-29,42.65,42.4,42.7,42.65,1816.4
2024-01-30,42.65,42.5,42.8,42.7,1332.9
2024-01-31,42.7,42.1,42.8,42.5,2738.9
2024-02-01,42.45,42.05,42.5,42.35,2196.1
2024-02-02,42.35,42.05,42.5,42.1,1981.5
2024-02-05,42.2,41.8,42.2,42.2,2692.4
2024-02-06,42.25,41.9,42.35,42.3,1594.7
2024-02-07,42.3,42.0,42.4,42.4,1596.0
2024-02-15,42.5,42.2,42.8,42.55,1934.7
2024-02-16,42.55,42.5,44.15,43.95,4992.2
2024-02-19,44.3,44.3,47.0,47.0,16636.9
2024-02-20,48.0,47.9,49.35,48.5,8974.9
2024-02-21,48.55,47.1,48.55,47.25,6649.0
2024-02-22,47.25,47.0,47.7,47.6,4022.5
2024-02-23,47.95,45.2,47.95,45.2,9877.2
2024-02-26,45.35,44.3,45.75,44.6,5089.4
2024-02-27,44.8,44.35,45.65,45.15,4367.5
2024-02-28,45.9,45.25,46.4,45.6,3369.7
2024-02-29,46.0,45.0,46.15,45.0,4017.0
2024-03-01,45.0,44.85,45.6,45.25,2982.7
2024-03-04,45.3,45.15,45.75,45.25,3738.9
2024-03-05,45.2,45.0,45.45,45.3,3151.8
2024-03-06,45.3,45.2,46.85,45.6,3696.0
2024-03-07,42.4,42.4,45.85,45.6,2466.5
2024-03-08,46.0,44.8,46.0,44.8,3896.7
2024-03-11,44.9,44.35,45.25,44.35,3451.6
2024-03-12,44.35,44.05,44.6,44.15,2836.6
2024-03-13,44.25,44.1,45.0,45.0,2238.6
2024-03-14,45.2,45.0,46.85,45.95,6021.4
2024-03-15,45.9,44.4,46.0,44.4,4813.4
2024-03-18,44.85,43.9,46.2,46.1,7732.7
2024-03-19,46.2,45.6,47.3,47.0,7828.4
2024-03-20,46.8,45.8,47.0,46.5,4695.0
2024-03-21,46.5,45.9,46.85,46.5,3525.8
2024-03-22,46.5,46.05,46.7,46.6,5198.4
2024-03-25,46.6,46.15,47.4,46.85,4738.5
2024-03-26,47.0,46.6,47.2,47.05,3479.0
2024-03-27,47.05,46.7,47.3,47.05,4203.1
2024-03-28,47.05,46.9,47.95,47.6,4639.1
2024-03-29,47.85,47.3,47.9,47.65,3524.6
2024-04-01,47.65,47.35,48.1,47.85,4451.8
2024-04-02,47.0,46.5,47.9,47.8,4818.0
2024-04-03,47.5,47.2,47.85,47.75,4260.4
2024-04-04,47.25,47.25,47.95,47.85,4122.1
2024-04-05,47.45,47.3,47.95,47.75,2404.2
2024-04-08,48.0,47.35,48.0,47.7,2948.5
2024-04-09,47.6,47.0,47.7,47.7,3502.3
2024-04-10,47.7,47.65,48.65,48.5,5161.6
2024-04-11,48.25,47.75,48.55,48.3,3397.9
2024-04-12,48.35,48.15,48.7,48.45,3009.6
2024-04-15,48.0,46.0,48.05,47.0,5597.2
2024-04-16,47.0,44.65,47.0,46.4,4793.2
2024-04-17,46.5,44.5,46.5,45.0,3009.6
2024-04-19,43.6,42.6,44.0,42.6,3674.4
2024-04-22,42.65,41.75,43.0,42.0,3217.6
2024-04-23,42.45,41.0,42.45,41.0,2696.1
2024-04-24,41.1,41.1,41.95,41.6,1583.3
2024-04-25,41.7,41.3,42.35,42.0,1517.5
2024-04-26,41.95,41.9,44.45,44.45,2697.7
2024-05-02,43.8,43.6,44.4,44.4,1596.5
2024-05-08,44.8,44.6,45.4,45.4,1713.4
2024-05-09,45.4,45.05,46.0,45.4,1415.4
2024-05-10,45.4,44.5,45.7,45.0,1166900.0
2024-05-13,44.6,44.35,45.05,45.0,589800.0
2024-05-14,48.1,46.05,48.1,46.05,5263.9
2024-05-15,46.2,46.0,46.75,46.35,1357.8
2024-05-16,46.6,46.2,47.15,46.75,2782.5
2024-05-17,46.75,46.25,46.9,46.85,2168.2
2024-05-20,47.0,46.35,47.55,46.7,3224.9
2024-05-21,47.0,46.45,47.7,46.45,3335.5
2024-05-22,46.35,45.5,46.85,45.5,3149.3
2024-05-23,45.25,44.75,45.9,45.55,2649.7
2024-05-24,45.15,44.15,45.6,44.95,3715.4
2024-05-27,44.95,44.45,45.25,45.05,1713.0
2024-05-28,45.0,44.45,45.25,45.05,2253.6
2024-05-29,45.05,44.25,45.2,44.4,2583.1
2024-05-30,44.4,43.15,44.5,43.15,2387.0
2024-05-31,43.5,43.3,44.6,43.55,1663.2
2024-06-03,43.8,43.8,44.6,43.95,1537.0
2024-06-04,44.3,44.0,44.55,44.1,1463.5
2024-06-05,44.1,44.1,44.75,44.2,1611.4
2024-06-06,44.3,43.7,44.35,43.7,1823.5
2024-06-07,43.9,43.25,44.0,43.5,1681.7
2024-06-10,43.5,43.4,43.9,43.45,1582.4
2024-06-11,43.3,42.55,43.45,43.2,4835.0
2024-06-12,42.8,42.5,43.5,43.3,2292.5
2024-06-13,43.3,42.9,43.5,43.2,2144.0
2024-06-14,43.2,42.0,43.25,42.0,2718.4
2024-06-17,42.6,42.0,42.95,42.0,2059.7
2024-06-18,42.3,42.1,42.95,42.1,1832.4
2024-06-19,42.35,41.45,42.45,41.5,3271.2
2024-06-20,41.55,41.35,41.8,41.45,2357.1
2024-06-21,41.45,41.15,41.65,41.65,2683.9
2024-06-24,41.65,41.1,42.3,41.1,2804.5
2024-06-25,41.15,41.15,42.0,41.2,1597.2
2024-06-26,41.3,41.15,41.7,41.2,1918.5
2024-06-27,41.1,41.0,41.4,41.0,1312.1
2024-06-28,41.1,40.9,41.35,41.2,1785.0
2024-07-01,41.4,41.05,41.4,41.35,903.3
2024-07-02,41.4,41.3,41.7,41.6,1493.4
2024-07-03,41.6,41.25,41.65,41.35,1138.0
2024-07-04,41.5,41.3,41.7,41.4,1214.3
2024-07-05,41.4,41.1,41.45,41.4,1445.4
2024-07-08,41.4,40.35,41.4,40.4,3503.6
2024-07-09,40.5,40.15,40.95,40.8,2286.7
2024-07-10,40.95,40.6,40.95,40.6,1235.4
2024-07-11,40.9,40.7,41.75,41.1,2747.0
2024-07-12,41.7,41.65,42.8,41.75,3312.0
2024-07-15,41.75,41.3,42.25,41.35,966.9
2024-07-16,41.35,40.7,41.7,41.05,1863.4
2024-07-17,41.0,40.15,41.0,40.6,2651.0
2024-07-18,40.6,40.15,40.6,40.55,2142.3
2024-07-19,40.7,40.3,41.1,40.75,1748.0
2024-07-22,40.75,40.2,41.0,40.75,1776.0
2024-07-23,40.75,40.4,40.85,40.85,1446.3
2024-07-24,40.8,40.45,41.0,40.9,1657.4
2024-07-25,41.3,40.85,42.6,41.6,4336.2
2024-07-26,41.9,41.25,42.15,41.6,1376.6
2024-07-29,41.6,40.75,41.6,41.6,2665.1
2024-07-30,41.95,41.0,42.2,42.2,2426.2
2024-07-31,42.3,41.55,42.3,42.3,2598.5
2024-08-01,42.1,41.5,42.3,42.1,3279.2
2024-08-02,42.15,40.8,42.2,42.0,2214.6
2024-08-05,41.0,40.4,41.65,41.3,3942.8
2024-08-06,41.5,40.55,41.55,41.3,1722.3
2024-08-07,41.8,41.75,43.5,42.35,5315.5
2024-08-08,42.05,41.65,42.2,41.8,1543.0
2024-08-09,41.8,41.2,41.95,41.2,2266.9
2024-08-12,41.1,40.6,41.2,40.6,1806.7
2024-08-13,40.65,40.65,41.2,40.7,1399.6
2024-08-14,40.75,40.75,41.2,40.8,1377.4
2024-08-15,41.0,40.8,41.15,40.8,1213.5
2024-08-16,40.9,40.9,41.6,41.15,2307.0
2024-08-19,41.3,41.05,41.55,41.15,1644.9
2024-08-20,41.15,41.0,42.2,41.7,3036.5
2024-08-21,41.6,41.5,42.0,41.85,1664.5
2024-08-22,41.85,41.55,42.35,41.55,2379.5
2024-08-23,41.6,41.55,42.0,41.55,1748.5
2024-08-26,41.65,41.65,42.35,42.15,2497.5
2024-08-27,42.1,42.1,45.1,45.1,12748.8
2024-08-28,45.5,44.4,46.1,44.4,4933.5
2024-08-29,44.25,44.05,44.8,44.2,3209.9
2024-08-30,44.55,44.2,45.2,44.2,3398.5
2024-09-04,43.6,43.3,44.3,44.0,3198.7
2024-09-05,44.55,44.4,45.95,45.05,4519.5
2024-09-06,45.35,44.6,45.35,44.65,2501.9
2024-09-09,44.2,43.45,44.5,43.7,4810.7
2024-09-10,43.7,42.6,43.9,43.0,4601.8
2024-09-11,42.65,42.1,43.0,43.0,3098.2
2024-09-12,43.05,42.55,43.25,42.9,2166.6
2024-09-13,42.9,42.5,42.95,42.9,1526.3
2024-09-16,42.7,42.05,43.6,42.05,2005.2
2024-09-17,42.05,42.05,43.2,42.9,2237.7
2024-09-18,42.9,42.65,43.3,42.65,2746.9
2024-09-19,42.8,42.7,43.2,42.9,2240.0
2024-09-20,43.0,42.3,43.65,42.3,3926.5
2024-09-23,42.9,42.35,42.9,42.35,1713.4
2024-09-24,42.4,42.35,42.65,42.55,1438.7
2024-09-25,42.75,42.45,42.9,42.6,3721.1
2024-09-26,42.6,42.6,43.05,42.6,2768.5
2024-09-27,42.9,42.45,42.9,42.5,2740.7
2024-09-30,42.4,42.0,42.6,42.0,2924.3
2024-10-01,42.05,42.05,42.75,42.3,1914.6
2024-10-02,42.35,42.05,42.4,42.05,1527.2
2024-10-03,42.1,41.35,42.45,41.35,3460.4
2024-10-04,41.35,40.9,41.35,41.0,2144.7
2024-10-07,41.1,40.85,41.55,40.85,1652.4
2024-10-08,41.05,40.6,41.05,40.9,2648.7
2024-10-09,41.05,41.0,41.6,41.6,1210.8
2024-10-10,41.6,41.3,41.65,41.4,1471.2
2024-10-11,41.4,41.35,41.95,41.8,1709.8
2024-10-14,42.5,42.15,43.4,42.15,4264.9
2024-10-15,42.25,41.55,42.5,41.65,1847.0
